Sample,Time_s,Raw_hex,Raw_decimal,Differential_capacitance_pF
1,0.0,9502BB,9765563,0.67234130859375
2,0.02,95114E,9769294,0.6741630859375
3,0.04,954439,9782329,0.68052783203125
4,0.06,955DC0,9788864,0.68371875
5,0.08,9544AE,9782446,0.6805849609375
6,0.1,950A4F,9767503,0.67328857421875
7,0.12,9655F7,9852407,0.71474560546875
8,0.14,95F3D9,9827289,0.70248095703125
9,0.16,962D7C,9842044,0.709685546875
10,0.18,95D673,9819763,0.69880615234375
11,0.2,95DA9A,9820826,0.6993251953125
12,0.22,95E5D5,9823701,0.70072900390625
13,0.24,96AB14,9874196,0.725384765625
14,0.26,94DF3F,9756479,0.66790576171875
15,0.28,94C3A4,9749412,0.664455078125
16,0.3,94DF04,9756420,0.6678769531250001
17,0.32,94DA6E,9755246,0.6673037109375
18,0.34,94B7A1,9746337,0.66295361328125
19,0.36,94DAFD,9755389,0.66737353515625
20,0.38,94D0B9,9752761,0.66609033203125
21,0.4,94E2B8,9757368,0.66833984375
22,0.42,953802,9779202,0.6790009765625
23,0.44,9610E5,9834725,0.70611181640625
24,0.46,95D216,9818646,0.6982607421875
25,0.48,956CBA,9792698,0.6855908203125
26,0.5,95B1F9,9810425,0.69424658203125
27,0.52,95141E,9770014,0.6745146484375
28,0.54,951B64,9771876,0.675423828125
29,0.56,955839,9787449,0.6830278320312501
30,0.58,9513A3,9769891,0.6744545898437501
31,0.6,94D63F,9754175,0.66678076171875
32,0.62,950005,9764869,0.67200244140625
33,0.64,952A79,9775737,0.6773090820312501
34,0.66,952BFE,9776126,0.6774990234375
35,0.68,952FCC,9777100,0.677974609375
36,0.7,9511C9,9769417,0.67422314453125
37,0.72,958E84,9801348,0.689814453125
38,0.74,95A089,9805961,0.69206689453125
39,0.76,96E628,9889320,0.73276953125
40,0.78,966A44,9857604,0.717283203125
41,0.8,95CB11,9816849,0.69738330078125
42,0.82,961879,9836665,0.70705908203125
43,0.84,960A00,9832960,0.70525
44,0.86,95D908,9820424,0.69912890625
45,0.88,961492,9835666,0.7065712890625
46,0.9,96236C,9839468,0.7084277343750001
47,0.92,955D03,9788675,0.68362646484375
48,0.94,956138,9789752,0.68415234375
49,0.96,9544C2,9782466,0.6805947265625
50,0.98,9508D7,9767127,0.67310498046875
51,1.0,950A96,9767574,0.6733232421875001
52,1.02,9542E1,9781985,0.68035986328125
53,1.04,959134,9802036,0.690150390625
54,1.06,96461F,9848351,0.71276513671875
55,1.08,961901,9836801,0.70712548828125
56,1.1,97491C,9914652,0.745138671875
57,1.12,96AB5B,9874267,0.72541943359375
58,1.14,95A062,9805922,0.6920478515625
59,1.16,959314,9802516,0.6903847656250001
60,1.18,94DFB3,9756595,0.66796240234375
61,1.2,9527A9,9775017,0.67695751953125
62,1.22,953712,9778962,0.6788837890625
63,1.24,95A456,9806934,0.6925419921875
64,1.26,9565CF,9790927,0.68472607421875
65,1.28,94F739,9762617,0.67090283203125
66,1.3,94ACF5,9743605,0.66161962890625
67,1.32,94BA03,9746947,0.66325146484375
68,1.34,94BE7F,9748095,0.66381201171875
69,1.36,949CF7,9739511,0.65962060546875
70,1.38,947449,9729097,0.65453564453125
71,1.4,94AB97,9743255,0.66144873046875
72,1.42,94C080,9748608,0.6640625
73,1.44,94AEE2,9744098,0.6618603515625
74,1.46,94A0CB,9740491,0.66009912109375
75,1.48,9458AE,9722030,0.6510849609375
76,1.5,941C28,9706536,0.64351953125
77,1.52,940150,9699664,0.6401640625
78,1.54,93E0AB,9691307,0.63608349609375
79,1.56,93D4BB,9688251,0.63459130859375
80,1.58,93D5BE,9688510,0.6347177734375
81,1.6,93EEA8,9694888,0.63783203125
82,1.62,93D924,9689380,0.635142578125
83,1.64,93D633,9688627,0.63477490234375
84,1.66,93E908,9693448,0.63712890625
85,1.68,93F179,9695609,0.63818408203125
86,1.7,93F082,9695362,0.6380634765625001
87,1.72,93F7A1,9697185,0.63895361328125
88,1.74,93F11E,9695518,0.6381396484375
89,1.76,93E879,9693305,0.6370590820312501
90,1.78,93E36E,9692014,0.6364287109375
91,1.8,93E6E7,9692903,0.63686279296875
92,1.82,93F00D,9695245,0.63800634765625
93,1.84,93ED5D,9694557,0.63767041015625
94,1.86,93F30B,9696011,0.63838037109375
95,1.88,93F111,9695505,0.63813330078125
96,1.9,922A4E,9579086,0.5812880859375
97,1.92,8FF605,9434629,0.51075244140625
98,1.94,903F32,9453362,0.5198994140625001
99,1.96,8FFAA2,9435810,0.5113291015625
100,1.98,8FB756,9418582,0.5029169921875
101,2.0,8FA22C,9413164,0.500271484375
102,2.02,8F9A3E,9411134,0.49928027343750003
103,2.04,8F9B0D,9411341,0.49938134765625003
104,2.06,8F9F35,9412405,0.49990087890625
105,2.08,8FBCF7,9420023,0.50362060546875
106,2.1,8FC734,9422644,0.504900390625
107,2.12,8FDCF4,9428212,0.507619140625
108,2.14,8FD456,9426006,0.5065419921875
109,2.16,900F7E,9441150,0.5139365234375
110,2.18,9014A3,9442467,0.51457958984375
111,2.2,900637,9438775,0.51277685546875
112,2.22,903B7E,9452414,0.5194365234375
113,2.24,9047B0,9455536,0.5209609375
114,2.26,90B950,9484624,0.5351640625
115,2.28,9090BC,9474236,0.530091796875
116,2.3,90173F,9443135,0.51490576171875
117,2.32,8FF9D9,9435609,0.51123095703125
118,2.34,8FF23E,9433662,0.5102802734375
119,2.36,903418,9450520,0.51851171875
120,2.38,902D87,9448839,0.51769091796875
121,2.4,903E6F,9453167,0.51980419921875
122,2.42,9031BC,9449916,0.518216796875
123,2.44,903F7F,9453439,0.5199370117187501
124,2.46,903F25,9453349,0.51989306640625
125,2.48,904069,9453673,0.52005126953125
126,2.5,904714,9455380,0.520884765625
127,2.52,903EDD,9453277,0.51985791015625
128,2.54,90846A,9471082,0.5285517578125
129,2.56,909081,9474177,0.53006298828125
130,2.58,90619D,9462173,0.52420166015625
131,2.6,906F67,9465703,0.52592529296875
132,2.62,903797,9451415,0.51894873046875
133,2.64,90183D,9443389,0.51502978515625
134,2.66,925C6A,9591914,0.5875517578125
135,2.68,917E0D,9534989,0.55975634765625
136,2.7,9149EA,9521642,0.5532392578125
137,2.72,910657,9504343,0.5447924804687501
138,2.74,90FBB8,9501624,0.54346484375
139,2.76,90E4E9,9495785,0.5406137695312501
140,2.78,90DFDD,9494493,0.53998291015625
141,2.8,90D1B2,9490866,0.5382119140625
142,2.82,90B9EC,9484780,0.535240234375
143,2.84,90A861,9480289,0.53304736328125
144,2.86,90A70A,9479946,0.5328798828125
145,2.88,9094B6,9475254,0.5305888671875
146,2.9,9084D2,9471186,0.5286025390625
147,2.92,9075F8,9467384,0.52674609375
148,2.94,9064A8,9462952,0.52458203125
149,2.96,9080B7,9470135,0.52808935546875
150,2.98,90759D,9467293,0.52670166015625
151,3.0,90680D,9463821,0.52500634765625
152,3.02,906641,9463361,0.52478173828125
153,3.04,906641,9463361,0.52478173828125
154,3.06,906DA7,9465255,0.52570654296875
155,3.08,9078A7,9468071,0.52708154296875
156,3.1,9074A6,9467046,0.5265810546875
157,3.12,906163,9462115,0.52417333984375
158,3.14,9056DE,9459422,0.5228583984375
159,3.16,905D4E,9461070,0.5236630859375
160,3.18,907307,9466631,0.52637841796875
161,3.2,906E9E,9465502,0.5258271484375
162,3.22,906420,9462816,0.524515625
163,3.24,905E79,9461369,0.52380908203125
164,3.26,9060F5,9462005,0.52411962890625
165,3.28,905622,9459234,0.5227666015625
166,3.3,905131,9457969,0.52214892578125
167,3.32,9048D3,9455827,0.52110302734375
168,3.34,90637D,9462653,0.52443603515625
169,3.36,905F89,9461641,0.5239418945312501
170,3.38,9064AE,9462958,0.5245849609375
171,3.4,906A14,9464340,0.525259765625
172,3.42,906661,9463393,0.52479736328125
173,3.44,90535F,9458527,0.52242138671875
174,3.46,904070,9453680,0.5200546875000001
175,3.48,90437A,9454458,0.5204345703125
176,3.5,9052BC,9458364,0.522341796875
177,3.52,904727,9455399,0.52089404296875
178,3.54,903F8C,9453452,0.519943359375
179,3.56,9048DA,9455834,0.5211064453125
180,3.58,903BE0,9452512,0.519484375
181,3.6,904A11,9456145,0.52125830078125
182,3.62,904CDB,9456859,0.52160693359375
183,3.64,903BED,9452525,0.51949072265625
184,3.66,905760,9459552,0.522921875
185,3.68,905822,9459746,0.5230166015625
186,3.7,906958,9464152,0.52516796875
187,3.72,905994,9460116,0.523197265625
188,3.74,906066,9461862,0.5240498046875001
189,3.76,905B13,9460499,0.52338427734375
190,3.78,905D34,9461044,0.523650390625
191,3.8,906D19,9465113,0.52563720703125
192,3.82,906032,9461810,0.5240244140625
193,3.84,905B5B,9460571,0.52341943359375
194,3.86,9038A7,9451687,0.51908154296875
195,3.88,902D2C,9448748,0.517646484375
196,3.9,8FCEF0,9424624,0.5058671875
197,3.92,8FC575,9422197,0.50468212890625
198,3.94,8FC333,9421619,0.50439990234375
199,3.96,8FBF86,9420678,0.5039404296875
200,3.98,8FB44C,9417804,0.502537109375
201,4.0,8FAF00,9416448,0.501875
202,4.02,8FA56B,9413995,0.50067724609375
203,4.04,8FB2B3,9417395,0.50233740234375
204,4.06,8FACC5,9415877,0.50159619140625
205,4.08,8FA979,9415033,0.50118408203125
206,4.1,8FA441,9413697,0.50053173828125
207,4.12,8FA99A,9415066,0.5012001953125
208,4.14,8FAFA9,9416617,0.50195751953125
209,4.16,8FADB5,9416117,0.50171337890625
210,4.18,8FABCE,9415630,0.5014755859375
211,4.2,8FA7E0,9414624,0.500984375
212,4.22,8FA6DD,9414365,0.50085791015625
213,4.24,8FA4FD,9413885,0.50062353515625
214,4.26,8FA779,9414521,0.50093408203125
215,4.28,8FA91E,9414942,0.5011396484375
216,4.3,8FAE16,9416214,0.5017607421875
217,4.32,8FC2C5,9421509,0.50434619140625
218,4.34,8FD740,9426752,0.50690625
219,4.36,8FFF52,9437010,0.5119150390625
220,4.38,9011D9,9441753,0.51423095703125
221,4.4,903134,9449780,0.518150390625
222,4.42,903C1A,9452570,0.5195126953125
223,4.44,902D19,9448729,0.51763720703125
224,4.46,90316E,9449838,0.5181787109375
225,4.48,904CD5,9456853,0.5216040039062501
226,4.5,9039EC,9452012,0.519240234375
227,4.52,90303D,9449533,0.51802978515625
228,4.54,903154,9449812,0.518166015625
229,4.56,9024D5,9446613,0.51660400390625
230,4.58,90381F,9451551,0.51901513671875
231,4.6,905207,9458183,0.52225341796875
232,4.62,9087F7,9471991,0.52899560546875
233,4.64,90C138,9486648,0.53615234375
234,4.66,90B5AA,9483690,0.5347080078125
235,4.68,90BFA0,9486240,0.535953125
236,4.7,90EC76,9497718,0.5415576171875001
237,4.72,90F34E,9499470,0.5424130859375
238,4.74,90E98C,9496972,0.541193359375
239,4.76,90EA69,9497193,0.54130126953125
240,4.78,90E440,9495616,0.54053125
241,4.8,90E197,9494935,0.54019873046875
242,4.82,90DCB2,9493682,0.5395869140625
243,4.84,90E71D,9496349,0.54088916015625
244,4.86,912B0A,9513738,0.5493798828125
245,4.88,91A66D,9545325,0.56480322265625
246,4.9,919AAA,9542314,0.5633330078125001
247,4.92,920829,9570345,0.57702001953125
248,4.94,922DAD,9579949,0.5817094726562501
249,4.96,921BA1,9575329,0.57945361328125
250,4.98,920A2A,9570858,0.5772705078125
251,5.0,921695,9574037,0.57882275390625
252,5.02,91BDF9,9551353,0.5677465820312501
253,5.04,91DE10,9559568,0.5717578125
254,5.06,91DC29,9559081,0.57152001953125
255,5.08,916446,9528390,0.5565341796875
256,5.1,916999,9529753,0.55719970703125
257,5.12,919026,9539622,0.5620185546875001
258,5.14,91615C,9527644,0.556169921875
259,5.16,914C18,9522200,0.55351171875
260,5.18,913B16,9517846,0.5513857421875
261,5.2,9139CB,9517515,0.55122412109375
262,5.22,913341,9515841,0.55040673828125
263,5.24,913D3D,9518397,0.55165478515625
264,5.26,91464A,9520714,0.5527861328125
265,5.28,91810B,9535755,0.56013037109375
266,5.3,917873,9533555,0.5590561523437501
267,5.32,917F24,9535268,0.559892578125
268,5.34,916999,9529753,0.55719970703125
269,5.36,9163CA,9528266,0.5564736328125001
270,5.38,917A1F,9533983,0.55926513671875
271,5.4,916446,9528390,0.5565341796875
272,5.42,916570,9528688,0.5566796875
273,5.44,9141C7,9519559,0.55222216796875
274,5.46,9115AD,9508269,0.54670947265625
275,5.48,912931,9513265,0.54914892578125
276,5.5,911F6F,9510767,0.54792919921875
277,5.52,911CD9,9510105,0.54760595703125
278,5.54,911D20,9510176,0.547640625
279,5.56,911ED9,9510617,0.54785595703125
280,5.58,91127B,9507451,0.54631005859375
281,5.6,91152B,9508139,0.54664599609375
282,5.62,913FB9,9519033,0.55196533203125
283,5.64,9145DB,9520603,0.5527319335937501
284,5.66,912FB4,9514932,0.549962890625
285,5.68,913106,9515270,0.5501279296875
286,5.7,91398A,9517450,0.5511923828125
287,5.72,913B9E,9517982,0.5514521484375
288,5.74,913084,9515140,0.550064453125
289,5.76,913314,9515796,0.550384765625
290,5.78,913728,9516840,0.55089453125
291,5.8,913023,9515043,0.55001708984375
292,5.82,912944,9513284,0.549158203125
293,5.84,913210,9515536,0.5502578125
294,5.86,90FF99,9502617,0.54394970703125
295,5.88,90F4E0,9499872,0.5426093750000001
296,5.9,9101AD,9503149,0.54420947265625
297,5.92,911802,9508866,0.5470009765625
298,5.94,911849,9508937,0.54703564453125
299,5.96,9112DC,9507548,0.546357421875
300,5.98,911DF0,9510384,0.5477421875
301,6.0,911FA3,9510819,0.54795458984375
302,6.02,9119DB,9509339,0.54723193359375
303,6.04,910DD8,9506264,0.54573046875
304,6.06,911A43,9509443,0.54728271484375
305,6.08,9107CF,9504719,0.54497607421875
306,6.1,9101C1,9503169,0.54421923828125
307,6.12,91199A,9509274,0.5472001953125
308,6.14,9112A8,9507496,0.54633203125
309,6.16,910ED5,9506517,0.54585400390625
310,6.18,911BC8,9509832,0.54747265625
311,6.2,913A4D,9517645,0.55128759765625
312,6.22,913BBF,9518015,0.55146826171875
313,6.24,913D3D,9518397,0.55165478515625
314,6.26,913A19,9517593,0.5512622070312501
315,6.28,911D34,9510196,0.547650390625
316,6.3,90FDAC,9502124,0.543708984375
317,6.32,910F1C,9506588,0.545888671875
318,6.34,911F27,9510695,0.54789404296875
319,6.36,916412,9528338,0.5565087890625
320,6.38,91423B,9519675,0.55227880859375
321,6.4,9133C9,9515977,0.55047314453125
322,6.42,9134C6,9516230,0.5505966796875
323,6.44,914D8A,9522570,0.5536923828125
324,6.46,91495B,9521499,0.55316943359375
325,6.48,90E9B9,9497017,0.54121533203125
326,6.5,90E6DC,9496284,0.540857421875
327,6.52,914837,9521207,0.55302685546875
328,6.54,915219,9523737,0.5542622070312501
329,6.56,9138F5,9517301,0.55111962890625
330,6.58,911994,9509268,0.547197265625
331,6.6,90FD6B,9502059,0.54367724609375
332,6.62,90F411,9499665,0.54250830078125
333,6.64,90E33C,9495356,0.540404296875
334,6.66,90DD8F,9493903,0.53969482421875
335,6.68,90DE4B,9494091,0.53978662109375
336,6.7,90D462,9491554,0.5385478515625
337,6.72,90FFF4,9502708,0.5439941406250001
338,6.74,90F790,9500560,0.5429453125
339,6.76,90CC80,9489536,0.5375625
340,6.78,9121D1,9511377,0.54822705078125
341,6.8,910E6D,9506413,0.54580322265625
342,6.82,90F210,9499152,0.5422578125
343,6.84,90F106,9498886,0.5421279296875
344,6.86,90EDBB,9498043,0.54171630859375
345,6.88,90F8AE,9500846,0.5430849609375
346,6.9,90FB16,9501462,0.5433857421875
347,6.92,90F195,9499029,0.54219775390625
348,6.94,90E543,9495875,0.54065771484375
349,6.96,90F54F,9499983,0.54266357421875
350,6.98,91141A,9507866,0.5465126953125
351,7.0,90FD92,9502098,0.5436962890625
352,7.02,9103A7,9503655,0.54445654296875
353,7.04,8F78AF,9402543,0.49508544921875003
354,7.06,8EDC8D,9362573,0.47556884765625
355,7.08,8E976E,9344878,0.4669287109375
356,7.1,8E9907,9345287,0.46712841796875
357,7.12,8EA09B,9347227,0.46807568359375
358,7.14,8E9844,9345092,0.467033203125
359,7.16,8E7827,9336871,0.46301904296875
360,7.18,8E82CC,9339596,0.464349609375
361,7.2,8E4BC6,9325510,0.4574716796875
362,7.22,8E4FA6,9326502,0.4579560546875
363,7.24,8E52E5,9327333,0.45836181640625
364,7.26,8E45CA,9323978,0.4567236328125
365,7.28,8E450E,9323790,0.4566318359375
366,7.3,8E485A,9324634,0.45704394531250003
367,7.32,8E43B6,9323446,0.4564638671875
368,7.34,8E46C1,9324225,0.45684423828125004
369,7.36,8E4084,9322628,0.456064453125
370,7.38,8E40EC,9322732,0.456115234375
371,7.4,8E4A20,9325088,0.457265625
372,7.42,8E493C,9324860,0.45715429687500003
373,7.44,8E5153,9326931,0.45816552734375
374,7.46,8E5C05,9329669,0.45950244140625
375,7.48,8E6A4A,9333322,0.4612861328125
376,7.5,8E73C4,9335748,0.462470703125
377,7.52,8E796C,9337196,0.463177734375
378,7.54,8E8043,9338947,0.46403271484375
379,7.56,8E8154,9339220,0.464166015625
380,7.58,8E8EB6,9342646,0.4658388671875
381,7.6,8E9609,9344521,0.46675439453125
382,7.62,8EAD8F,9350543,0.46969482421875003
383,7.64,8EDC18,9362456,0.47551171875000003
384,7.66,8F06FB,9373435,0.48087255859375
385,7.68,8F35B1,9385393,0.48671142578125
386,7.7,8F6B19,9399065,0.49338720703125
387,7.72,8F9A3E,9411134,0.49928027343750003
388,7.74,904484,9454724,0.520564453125
389,7.76,9155DA,9524698,0.5547314453125
390,7.78,914EB4,9522868,0.553837890625
391,7.8,915DC2,9526722,0.5557197265625
392,7.82,91744B,9532491,0.55853662109375
393,7.84,909E24,9477668,0.531767578125
394,7.86,906C8A,9464970,0.5255673828125
395,7.88,907C34,9468980,0.527525390625
396,7.9,908491,9471121,0.52857080078125
397,7.92,9088B3,9472179,0.52908740234375
398,7.94,907188,9466248,0.52619140625
399,7.96,906315,9462549,0.52438525390625
400,7.98,905F6F,9461615,0.52392919921875
401,8.0,9061BE,9462206,0.5242177734375
402,8.02,906B18,9464600,0.52538671875
403,8.04,908CC8,9473224,0.52959765625
404,8.06,90911D,9474333,0.53013916015625
405,8.08,90896F,9472367,0.52917919921875
406,8.1,9081E1,9470433,0.52823486328125
407,8.12,90A992,9480594,0.5331962890625
408,8.14,907FEE,9469934,0.5279912109375
409,8.16,90C761,9488225,0.53692236328125
410,8.18,907756,9467734,0.5269169921875
411,8.2,907D0A,9469194,0.5276298828125
412,8.22,9068D7,9464023,0.52510498046875
413,8.24,907AA2,9468578,0.5273291015625
414,8.26,907DB3,9469363,0.52771240234375
415,8.28,906FDC,9465820,0.525982421875
416,8.3,906370,9462640,0.5244296875
417,8.32,9073D0,9466832,0.5264765625
418,8.34,90637D,9462653,0.52443603515625
419,8.36,90656B,9463147,0.52467724609375
420,8.38,90710D,9466125,0.52613134765625
421,8.4,9063F9,9462777,0.52449658203125
422,8.42,905780,9459584,0.5229375
423,8.44,905E24,9461284,0.523767578125
424,8.46,9064B5,9462965,0.52458837890625
425,8.48,905AD2,9460434,0.5233525390625
426,8.5,905D7C,9461116,0.523685546875
427,8.52,906A7C,9464444,0.525310546875
428,8.54,909C31,9477169,0.53152392578125
429,8.56,90944F,9475151,0.5305385742187501
430,8.58,9092FD,9474813,0.53037353515625
431,8.6,90AD60,9481568,0.533671875
432,8.62,909766,9475942,0.5309248046875
433,8.64,9071C9,9466313,0.52622314453125
434,8.66,907A0C,9468428,0.527255859375
435,8.68,9084B1,9471153,0.52858642578125
436,8.7,9079EC,9468396,0.527240234375
437,8.72,9080B7,9470135,0.52808935546875
438,8.74,908C66,9473126,0.5295498046875
439,8.76,909DA9,9477545,0.5317075195312501
440,8.78,909773,9475955,0.53093115234375
441,8.8,907FA6,9469862,0.5279560546875001
442,8.82,9075FE,9467390,0.5267490234375
443,8.84,907860,9468000,0.527046875
444,8.86,90776A,9467754,0.5269267578125
445,8.88,9075E4,9467364,0.526736328125
446,8.9,90778A,9467786,0.5269423828125
447,8.92,90A27A,9478778,0.5323095703125
448,8.94,90972C,9475884,0.530896484375
449,8.96,908387,9470855,0.52844091796875
450,8.98,90B3BD,9483197,0.53446728515625
451,9.0,90A992,9480594,0.5331962890625
452,9.02,90BD98,9485720,0.53569921875
453,9.04,90CD2F,9489711,0.53764794921875
454,9.06,9107DC,9504732,0.544982421875
455,9.08,90F465,9499749,0.54254931640625
456,9.1,90972C,9475884,0.530896484375
457,9.12,9099C2,9476546,0.5312197265625
458,9.14,9091F3,9474547,0.53024365234375
459,9.16,908700,9471744,0.528875
460,9.18,908D15,9473301,0.52963525390625
461,9.2,908A2B,9472555,0.5292709960937501
462,9.22,909000,9474048,0.53
463,9.24,9091BF,9474495,0.53021826171875
464,9.26,90C249,9486921,0.53628564453125
465,9.28,90C3AE,9487278,0.5364599609375
466,9.3,90DEF3,9494259,0.53986865234375
467,9.32,90D43B,9491515,0.53852880859375
468,9.34,90B465,9483365,0.53454931640625
469,9.36,90B693,9483923,0.53482177734375
470,9.38,90BA67,9484903,0.53530029296875
471,9.4,90BC88,9485448,0.53556640625
472,9.42,90CD63,9489763,0.53767333984375
473,9.44,90F91C,9500956,0.543138671875
474,9.46,90EB93,9497491,0.54144677734375
475,9.48,90D8D1,9492689,0.5391020507812501
476,9.5,90C8B9,9488569,0.53709033203125
477,9.52,90E7EC,9496556,0.540990234375
478,9.54,90D73F,9492287,0.53890576171875
479,9.56,90D033,9490483,0.53802490234375
480,9.58,90DBDC,9493468,0.5394824218750001
481,9.6,90F708,9500424,0.54287890625
482,9.62,910FDF,9506783,0.54598388671875
483,9.64,913701,9516801,0.55087548828125
484,9.66,914FEB,9523179,0.55398974609375
485,9.68,915B1F,9526047,0.55539013671875
486,9.7,90F77D,9500541,0.54293603515625
487,9.72,90E7D9,9496537,0.54098095703125
488,9.74,90D926,9492774,0.5391435546875
489,9.76,90B01D,9482269,0.53401416015625
490,9.78,90C3A7,9487271,0.53645654296875
491,9.8,90B3B6,9483190,0.5344638671875
492,9.82,90AA90,9480848,0.5333203125
493,9.84,9094B0,9475248,0.5305859375
494,9.86,90D0DC,9490652,0.538107421875
495,9.88,9124DB,9512155,0.54860693359375
496,9.9,917091,9531537,0.55807080078125
497,9.92,916A55,9529941,0.55729150390625
498,9.94,913790,9516944,0.5509453125
499,9.96,90D786,9492358,0.5389404296875
500,9.98,90FBEC,9501676,0.543490234375
501,10.0,915A3C,9525820,0.555279296875
502,10.02,914546,9520454,0.5526591796875
503,10.04,922B7F,9579391,0.5814370117187501
504,10.06,9130FF,9515263,0.55012451171875
505,10.08,90F8EF,9500911,0.54311669921875
506,10.1,911A4A,9509450,0.5472861328125
507,10.12,91073A,9504570,0.5449033203125
508,10.14,90BFE1,9486305,0.5359848632812501
509,10.16,90F2AC,9499308,0.542333984375
510,10.18,9187D6,9537494,0.5609794921875
511,10.2,91C311,9552657,0.56838330078125
512,10.22,909B8E,9477006,0.5314443359375
513,10.24,909DAF,9477551,0.53171044921875
514,10.26,90EB99,9497497,0.5414497070312501
515,10.28,90CCB4,9489588,0.537587890625
516,10.3,906792,9463698,0.5249462890625
517,10.32,902CBE,9448638,0.5175927734375
518,10.34,903E7C,9453180,0.5198105468750001
519,10.36,903EA3,9453219,0.51982958984375
520,10.38,901462,9442402,0.5145478515625
521,10.4,90261A,9446938,0.5167626953125
522,10.42,902EF9,9449209,0.51787158203125
523,10.44,903C20,9452576,0.519515625
524,10.46,903C8F,9452687,0.51956982421875
525,10.48,903B7E,9452414,0.5194365234375
526,10.5,9033DD,9450461,0.51848291015625
527,10.52,902F2D,9449261,0.51789697265625
528,10.54,903B71,9452401,0.5194301757812501
529,10.56,906785,9463685,0.52493994140625
530,10.58,905961,9460065,0.52317236328125
531,10.6,9057DB,9459675,0.52298193359375
532,10.62,90595A,9460058,0.5231689453125
533,10.64,90246E,9446510,0.5165537109375
534,10.66,904284,9454212,0.520314453125
535,10.68,904D43,9456963,0.52165771484375
536,10.7,902C1C,9448476,0.517513671875
537,10.72,901E65,9444965,0.51579931640625
538,10.74,90158D,9442701,0.51469384765625
539,10.76,9060C7,9461959,0.52409716796875
540,10.78,904734,9455412,0.520900390625
541,10.8,90586A,9459818,0.5230517578125
542,10.82,9062C8,9462472,0.52434765625
543,10.84,905BAF,9460655,0.52346044921875
544,10.86,904E19,9457177,0.52176220703125
545,10.88,9064BB,9462971,0.52459130859375
546,10.9,905DBC,9461180,0.5237167968750001
547,10.92,906F33,9465651,0.5258999023437501
548,10.94,902E5D,9449053,0.51779541015625
549,10.96,9018EC,9443564,0.5151152343750001
550,10.98,90561B,9459227,0.52276318359375
551,11.0,9052AF,9458351,0.52233544921875
552,11.02,907127,9466151,0.5261440429687501
553,11.04,907542,9467202,0.5266572265625
554,11.06,90A674,9479796,0.532806640625
555,11.08,90567D,9459325,0.52281103515625
556,11.1,90683B,9463867,0.52502880859375
557,11.12,909254,9474644,0.530291015625
558,11.14,90A08D,9478285,0.5320688476562501
559,11.16,907D6B,9469291,0.52767724609375
560,11.18,9022EF,9446127,0.51636669921875
561,11.2,901615,9442837,0.51476025390625
562,11.22,901F22,9445154,0.5158916015625
563,11.24,90359D,9450909,0.51870166015625
564,11.26,908CB4,9473204,0.529587890625
565,11.28,90BE62,9485922,0.5357978515625
566,11.3,91A6C8,9545416,0.56484765625
567,11.32,9088FA,9472250,0.5291220703125
568,11.34,900990,9439632,0.5131953125000001
569,11.36,8FD386,9425798,0.5064404296875
570,11.38,8FF853,9435219,0.51104052734375
571,11.4,8FFF45,9436997,0.5119086914062501
572,11.42,900CF5,9440501,0.51361962890625
573,11.44,900D16,9440534,0.5136357421875
574,11.46,8FD7E9,9426921,0.50698876953125
575,11.48,8FDC24,9428004,0.507517578125
576,11.5,8FC852,9422930,0.5050400390625001
577,11.52,8FE0BB,9429179,0.50809130859375
578,11.54,8FEE0F,9432591,0.50975732421875
579,11.56,904076,9453686,0.5200576171875
580,11.58,905338,9458488,0.52240234375
581,11.6,905B06,9460486,0.5233779296875
582,11.62,905F4F,9461583,0.52391357421875
583,11.64,90871A,9471770,0.5288876953125
584,11.66,907E0E,9469454,0.5277568359375
585,11.68,909BA2,9477026,0.5314541015625001
586,11.7,90B673,9483891,0.5348061523437501
587,11.72,90A57E,9479550,0.5326865234375
588,11.74,908E46,9473606,0.5297841796875
589,11.76,909358,9474904,0.53041796875
590,11.78,90A5D2,9479634,0.5327275390625
591,11.8,908477,9471095,0.52855810546875
592,11.82,9090E9,9474281,0.53011376953125
593,11.84,9097A1,9476001,0.53095361328125
594,11.86,90A90A,9480458,0.5331298828125
595,11.88,90A419,9479193,0.53251220703125
596,11.9,90A958,9480536,0.53316796875
597,11.92,90C430,9487408,0.5365234375
598,11.94,90DED3,9494227,0.53985302734375
599,11.96,90FD92,9502098,0.5436962890625
600,11.98,90E2D4,9495252,0.540353515625
601,12.0,90DE8C,9494156,0.539818359375
602,12.02,910706,9504518,0.5448779296875
603,12.04,910671,9504369,0.54480517578125
604,12.06,90E9C6,9497030,0.5412216796875
605,12.08,9133F6,9516022,0.5504951171875
606,12.1,911D34,9510196,0.547650390625
607,12.12,9114D0,9508048,0.5466015625
608,12.14,914062,9519202,0.5520478515625
609,12.16,912C9D,9514141,0.5495766601562501
610,12.18,912259,9511513,0.54829345703125
611,12.2,9123B7,9511863,0.54846435546875
612,12.22,913D16,9518358,0.5516357421875
613,12.24,91281A,9512986,0.5490126953125
614,12.26,91783F,9533503,0.55903076171875
615,12.28,91276B,9512811,0.54892724609375
616,12.3,9136DA,9516762,0.5508564453125
617,12.32,913659,9516633,0.55079345703125
618,12.34,914A9F,9521823,0.55332763671875
619,12.36,9197E7,9541607,0.56298779296875
620,12.38,91664D,9528909,0.55678759765625
621,12.4,9143FB,9520123,0.55249755859375
622,12.42,9131E2,9515490,0.5502353515625
623,12.44,913A1F,9517599,0.55126513671875
624,12.46,9119A1,9509281,0.54720361328125
625,12.48,910283,9503363,0.54431396484375
626,12.5,9117B4,9508788,0.546962890625
627,12.52,9119BB,9509307,0.54721630859375
628,12.54,912D3F,9514303,0.54965576171875
629,12.56,911939,9509177,0.54715283203125
630,12.58,910276,9503350,0.5443076171875
631,12.6,910C66,9505894,0.5455498046875
632,12.62,90F141,9498945,0.54215673828125
633,12.64,90F74F,9500495,0.54291357421875
634,12.66,90E405,9495557,0.54050244140625
635,12.68,90F632,9500210,0.5427744140625
636,12.7,9108CC,9504972,0.545099609375
637,12.72,910ED5,9506517,0.54585400390625
638,12.74,911074,9506932,0.546056640625
639,12.76,9119C1,9509313,0.54721923828125
640,12.78,91108E,9506958,0.5460693359375001
641,12.8,90F6D4,9500372,0.5428535156250001
642,12.82,9107AF,9504687,0.54496044921875
643,12.84,90FE8F,9502351,0.54381982421875
644,12.86,9100B6,9502902,0.5440888671875
645,12.88,910EB4,9506484,0.545837890625
646,12.9,9120A6,9511078,0.5480810546875
647,12.92,91190C,9509132,0.5471308593750001
648,12.94,910914,9505044,0.545134765625
649,12.96,910A0A,9505290,0.5452548828125
650,12.98,910152,9503058,0.5441650390625
651,13.0,910D42,9506114,0.5456572265625
652,13.02,9105DC,9504220,0.544732421875
653,13.04,910692,9504402,0.5448212890625
654,13.06,910F36,9506614,0.5459013671875
655,13.08,90FE75,9502325,0.54380712890625
656,13.1,90F2BF,9499327,0.54234326171875
657,13.12,90E6E9,9496297,0.54086376953125
658,13.14,90ECCA,9497802,0.5415986328125
659,13.16,90DC44,9493572,0.539533203125
660,13.18,90DE2B,9494059,0.53977099609375
661,13.2,90F40A,9499658,0.5425048828125
662,13.22,90F950,9501008,0.5431640625
663,13.24,90F818,9500696,0.54301171875
664,13.26,911635,9508405,0.54677587890625
665,13.28,90E0BA,9494714,0.5400908203125
666,13.3,9116D7,9508567,0.54685498046875
667,13.32,9107F0,9504752,0.5449921875
668,13.34,9111D9,9507289,0.54623095703125
669,13.36,912CCA,9514186,0.5495986328125
670,13.38,9130EC,9515244,0.550115234375
671,13.4,913382,9515906,0.5504384765625
672,13.42,912AF0,9513712,0.5493671875
673,13.44,9150E2,9523426,0.5541103515625
674,13.46,917444,9532484,0.558533203125
675,13.48,919D88,9543048,0.56369140625
676,13.5,918228,9536040,0.56026953125
677,13.52,919D06,9542918,0.5636279296875
678,13.54,916D52,9530706,0.5576650390625
679,13.56,917E47,9535047,0.55978466796875
680,13.58,9177D7,9533399,0.55897998046875
681,13.6,9178C7,9533639,0.55909716796875
682,13.62,916F0C,9531148,0.557880859375
683,13.64,918BFE,9538558,0.5614990234375
684,13.66,919A29,9542185,0.56327001953125
685,13.68,91DDEF,9559535,0.5717416992187501
686,13.7,91E405,9561093,0.5725024414062501
687,13.72,919ED9,9543385,0.56385595703125
688,13.74,916FC8,9531336,0.55797265625
689,13.76,919BC2,9542594,0.5634697265625
690,13.78,91999A,9542042,0.5632001953125
691,13.8,917949,9533769,0.55916064453125
692,13.82,91EFDB,9564123,0.57398193359375
693,13.84,91CFDE,9555934,0.5699833984375
694,13.86,919FD0,9543632,0.5639765625000001
695,13.88,918885,9537669,0.56106494140625
696,13.9,916709,9529097,0.55687939453125
697,13.92,9142E4,9519844,0.552361328125
698,13.94,915B19,9526041,0.55538720703125
699,13.96,913C61,9518177,0.55154736328125
700,13.98,915CEC,9526508,0.555615234375
701,14.0,914402,9520130,0.5525009765625
702,14.02,917B23,9534243,0.55939208984375
703,14.04,918490,9536656,0.5605703125
704,14.06,91A06C,9543788,0.564052734375
705,14.08,910076,9502838,0.5440576171875
706,14.1,911BC8,9509832,0.54747265625
707,14.12,910173,9503091,0.54418115234375
708,14.14,9103EE,9503726,0.5444912109375
709,14.16,9109EA,9505258,0.5452392578125
710,14.18,91286E,9513070,0.5490537109375
711,14.2,913B3D,9517885,0.55140478515625
712,14.22,915240,9523776,0.5542812500000001
713,14.24,91567C,9524860,0.554810546875
714,14.26,9139D2,9517522,0.5512275390625
715,14.28,913DB2,9518514,0.5517119140625
716,14.3,91602B,9527339,0.55602099609375
717,14.32,914733,9520947,0.55289990234375
718,14.34,914062,9519202,0.5520478515625
719,14.36,9144F8,9520376,0.55262109375
720,14.38,9134E0,9516256,0.550609375
721,14.4,91422E,9519662,0.5522724609375
722,14.42,913C8E,9518222,0.5515693359375
723,14.44,912C4F,9514063,0.54953857421875
724,14.46,911B06,9509638,0.5473779296875
725,14.48,914269,9519721,0.55230126953125
726,14.5,9147E9,9521129,0.55298876953125
727,14.52,91431F,9519903,0.55239013671875
728,14.54,915DA2,9526690,0.5557041015625
729,14.56,912D4C,9514316,0.549662109375
730,14.58,913223,9515555,0.5502670898437501
731,14.6,914505,9520389,0.55262744140625
732,14.62,911FCA,9510858,0.5479736328125
733,14.64,912DD4,9514452,0.549728515625
734,14.66,913E82,9518722,0.5518134765625
735,14.68,914767,9520999,0.55292529296875
736,14.7,91658A,9528714,0.5566923828125
737,14.72,913EF7,9518839,0.55187060546875
738,14.74,91414C,9519436,0.552162109375
739,14.76,9155CD,9524685,0.55472509765625
740,14.78,913A33,9517619,0.55127490234375
741,14.8,90F7B0,9500592,0.5429609375
742,14.82,90EFA8,9498536,0.54195703125
743,14.84,90EE3C,9498172,0.541779296875
744,14.86,915295,9523861,0.55432275390625
745,14.88,915D2D,9526573,0.55564697265625
746,14.9,9170F2,9531634,0.5581181640625
747,14.92,9100E4,9502948,0.544111328125
748,14.94,90DFFE,9494526,0.5399990234375001
749,14.96,90CF16,9490198,0.5378857421875
750,14.98,90CC25,9489445,0.53751806640625
751,15.0,90D1AC,9490860,0.538208984375
752,15.02,90DA50,9493072,0.5392890625
753,15.04,90DE44,9494084,0.539783203125
754,15.06,90E48E,9495694,0.5405693359375
755,15.08,90E792,9496466,0.5409462890625
756,15.1,90EED8,9498328,0.54185546875
757,15.12,9110FC,9507068,0.546123046875
758,15.14,910851,9504849,0.54503955078125
759,15.16,910A8C,9505420,0.5453183593750001
760,15.18,9102E5,9503461,0.54436181640625
761,15.2,90E91E,9496862,0.5411396484375001
762,15.22,90DAFF,9493247,0.5393745117187501
763,15.24,90E577,9495927,0.54068310546875
764,15.26,90C409,9487369,0.53650439453125
765,15.28,90D7C7,9492423,0.53897216796875
766,15.3,90BBB2,9485234,0.5354619140625
767,15.32,90DD0D,9493773,0.53963134765625
768,15.34,90D407,9491463,0.53850341796875
769,15.36,90CB69,9489257,0.5374262695312501
770,15.38,90B3DD,9483229,0.53448291015625
771,15.4,90CC05,9489413,0.53750244140625
772,15.42,90CA86,9489030,0.5373154296875
773,15.44,90B0F9,9482489,0.53412158203125
774,15.46,90A88F,9480335,0.53306982421875
775,15.48,90C269,9486953,0.53630126953125
776,15.5,90F92F,9500975,0.54314794921875
777,15.52,912C3C,9514044,0.549529296875
778,15.54,911883,9508995,0.54706396484375
779,15.56,911227,9507367,0.54626904296875
780,15.58,910F43,9506627,0.54590771484375
781,15.6,912259,9511513,0.54829345703125
782,15.62,912446,9512006,0.5485341796875
783,15.64,90FD0A,9501962,0.5436298828125
784,15.66,90F478,9499768,0.54255859375
785,15.68,90E1B7,9494967,0.54021435546875
786,15.7,90FF17,9502487,0.5438862304687501
787,15.72,9116A3,9508515,0.54682958984375
788,15.74,9131CF,9515471,0.55022607421875
789,15.76,919B1F,9542431,0.56339013671875
790,15.78,917DF3,9534963,0.55974365234375
791,15.8,9179B7,9533879,0.55921435546875
792,15.82,912516,9512214,0.5486357421875
793,15.84,912383,9511811,0.54843896484375
794,15.86,911FF7,9510903,0.54799560546875
795,15.88,91353B,9516347,0.55065380859375
796,15.9,91225F,9511519,0.54829638671875
797,15.92,912D2C,9514284,0.549646484375
798,15.94,912A1B,9513499,0.54926318359375
799,15.96,912C3C,9514044,0.549529296875
800,15.98,912C4F,9514063,0.54953857421875
801,16.0,9134C0,9516224,0.55059375
802,16.02,91438D,9520013,0.55244384765625
803,16.04,914B28,9521960,0.55339453125
804,16.06,9157F5,9525237,0.5549946289062501
805,16.08,912AA9,9513641,0.5493325195312501
806,16.1,913BB8,9518008,0.55146484375
807,16.12,919B39,9542457,0.56340283203125
808,16.14,91B3A2,9548706,0.5664541015625
809,16.16,917B71,9534321,0.55943017578125
810,16.18,91AF39,9547577,0.56590283203125
811,16.2,917D92,9534866,0.5596962890625
812,16.22,91904D,9539661,0.56203759765625
813,16.24,9180CA,9535690,0.5600986328125
814,16.26,91B03C,9547836,0.566029296875
815,16.28,91C014,9551892,0.568009765625
816,16.3,91CA71,9554545,0.5693051757812501
817,16.32,91C380,9552768,0.5684375
818,16.34,91CC7F,9555071,0.56956201171875
819,16.36,91B32D,9548589,0.56639697265625
820,16.38,91DFA2,9559970,0.5719541015625
821,16.4,91CBB6,9554870,0.5694638671875
822,16.42,91CFF2,9555954,0.5699931640625
823,16.44,91AEA4,9547428,0.565830078125
824,16.46,91DD40,9559360,0.57165625
825,16.48,91BE82,9551490,0.5678134765625
826,16.5,91AF0B,9547531,0.56588037109375
827,16.52,9190F5,9539829,0.56211962890625
828,16.54,91A613,9545235,0.56475927734375
829,16.56,91B7DE,9549790,0.5669833984375
830,16.58,91BB84,9550724,0.567439453125
831,16.6,918118,9535768,0.56013671875
832,16.62,919A49,9542217,0.56328564453125
833,16.64,91B9D1,9550289,0.56722705078125
834,16.66,9171EF,9531887,0.55824169921875
835,16.68,91A874,9545844,0.565056640625
836,16.7,91A5C5,9545157,0.56472119140625
837,16.72,91E1F7,9560567,0.57224560546875
838,16.74,91F3E3,9565155,0.57448583984375
839,16.76,9204EB,9569515,0.57661474609375
840,16.78,9304C3,9635011,0.60859521484375
841,16.8,925D74,9592180,0.5876816406250001
842,16.82,9277EA,9598954,0.5909892578125
843,16.84,92418C,9585036,0.584193359375
844,16.86,920EE1,9572065,0.57785986328125
845,16.88,920248,9568840,0.57628515625
846,16.9,91C920,9554208,0.5691406250000001
847,16.92,917451,9532497,0.5585395507812501
848,16.94,91445D,9520221,0.55254541015625
849,16.96,916460,9528416,0.556546875
850,16.98,9186FF,9537279,0.56087451171875
851,17.0,917845,9533509,0.55903369140625
852,17.02,918373,9536371,0.56043115234375
853,17.04,916937,9529655,0.55715185546875
854,17.06,914E59,9522777,0.55379345703125
855,17.08,916CD0,9530576,0.5576015625
856,17.1,914975,9521525,0.55318212890625
857,17.12,914567,9520487,0.5526752929687501
858,17.14,915BC2,9526210,0.5554697265625
859,17.16,915F00,9527040,0.555875
860,17.18,91596D,9525613,0.55517822265625
861,17.2,91596D,9525613,0.55517822265625
862,17.22,917F99,9535385,0.55994970703125
863,17.24,916B04,9530116,0.557376953125
864,17.26,91694B,9529675,0.55716162109375
865,17.28,917B29,9534249,0.55939501953125
866,17.3,915371,9524081,0.55443017578125
867,17.32,9159E8,9525736,0.55523828125
868,17.34,91CC7F,9555071,0.56956201171875
869,17.36,91DC71,9559153,0.57155517578125
870,17.38,920753,9570131,0.5769155273437501
871,17.4,91CF49,9555785,0.5699106445312501
872,17.42,91AB92,9546642,0.5654462890625
873,17.44,91598D,9525645,0.55519384765625
874,17.46,91693E,9529662,0.5571552734375
875,17.48,914346,9519942,0.5524091796875
876,17.5,913969,9517417,0.55117626953125
877,17.52,91112A,9507114,0.5461455078125
878,17.54,90F7BD,9500605,0.54296728515625
879,17.56,90D7E8,9492456,0.53898828125
880,17.58,90F894,9500820,0.543072265625
881,17.6,90ED05,9497861,0.54162744140625
882,17.62,90C9C3,9488835,0.53722021484375
883,17.64,90E8DD,9496797,0.54110791015625
884,17.66,90C7F6,9488374,0.5369951171875
885,17.68,90D4F7,9491703,0.53862060546875
886,17.7,90B64C,9483852,0.534787109375
887,17.72,90B43E,9483326,0.5345302734375
888,17.74,90C145,9486661,0.53615869140625
889,17.76,90D061,9490529,0.53804736328125
890,17.78,90C68B,9488011,0.53681787109375
891,17.8,90C57B,9487739,0.53668505859375
892,17.82,90CEC8,9490120,0.53784765625
893,17.84,90C81D,9488413,0.53701416015625
894,17.86,90C276,9486966,0.5363076171875
895,17.88,90D980,9492864,0.5391875
896,17.9,90D62E,9492014,0.5387724609375
897,17.92,90D856,9492566,0.5390419921875
898,17.94,90D006,9490438,0.5380029296875
899,17.96,90F17B,9499003,0.54218505859375
900,17.98,90E41F,9495583,0.5405151367187501
901,18.0,90F203,9499139,0.54225146484375
902,18.02,90DD68,9493864,0.53967578125
903,18.04,90E460,9495648,0.540546875
904,18.06,911281,9507457,0.54631298828125
905,18.08,9134E0,9516256,0.550609375
906,18.1,9118BE,9509054,0.5470927734375
907,18.12,91473A,9520954,0.5529033203125
908,18.14,914290,9519760,0.5523203125
909,18.16,91863D,9537085,0.56077978515625
910,18.18,9189FD,9538045,0.5612485351562501
911,18.2,91A64D,9545293,0.56478759765625
912,18.22,919D9B,9543067,0.56370068359375
913,18.24,915FC3,9527235,0.55597021484375
914,18.26,913EC9,9518793,0.55184814453125
915,18.28,915994,9525652,0.555197265625
916,18.3,9151B8,9523640,0.55421484375
917,18.32,9162FB,9528059,0.55637255859375
918,18.34,9162CE,9528014,0.5563505859375
919,18.36,916DA7,9530791,0.55770654296875
920,18.38,915718,9525016,0.5548867187500001
921,18.4,914FF2,9523186,0.5539931640625
922,18.42,913C20,9518112,0.5515156250000001
923,18.44,915802,9525250,0.5550009765625
924,18.46,915FB6,9527222,0.5559638671875
925,18.48,9158EB,9525483,0.55511474609375
926,18.5,915C77,9526391,0.5555581054687501
927,18.52,915592,9524626,0.5546962890625
928,18.54,91558C,9524620,0.554693359375
929,18.56,915A5D,9525853,0.5552954101562501
930,18.58,914F8A,9523082,0.5539423828125
931,18.6,915123,9523491,0.55414208984375
932,18.62,914B3B,9521979,0.55340380859375
933,18.64,91540D,9524237,0.5545063476562501
934,18.66,915759,9525081,0.55491845703125
935,18.68,915704,9524996,0.554876953125
936,18.7,918E2B,9539115,0.56177099609375
937,18.72,91A135,9543989,0.56415087890625
938,18.74,91EE63,9563747,0.5737983398437501
939,18.76,91DF88,9559944,0.57194140625
940,18.78,91CD08,9555208,0.5696289062500001
941,18.8,91A5CB,9545163,0.56472412109375
942,18.82,917120,9531680,0.5581406250000001
943,18.84,91572B,9525035,0.5548959960937501
944,18.86,917403,9532419,0.55850146484375
945,18.88,918F36,9539382,0.5619013671875001
946,18.9,9162C1,9528001,0.55634423828125
947,18.92,9158BE,9525438,0.5550927734375
948,18.94,9153AC,9524140,0.554458984375
949,18.96,91493A,9521466,0.5531533203125
950,18.98,914D3C,9522492,0.553654296875
951,19.0,914BA3,9522083,0.5534545898437501
952,19.02,9153CC,9524172,0.554474609375
953,19.04,91446A,9520234,0.5525517578125
954,19.06,914A1E,9521694,0.5532646484375
955,19.08,9155A6,9524646,0.5547060546875
956,19.1,916B04,9530116,0.557376953125
957,19.12,916CF7,9530615,0.55762060546875
958,19.14,91BC53,9550931,0.56754052734375
959,19.16,91DB5A,9558874,0.5714189453125
960,19.18,92097B,9570683,0.57718505859375
961,19.2,92569C,9590428,0.586826171875
962,19.22,927471,9598065,0.59055517578125
963,19.24,91F818,9566232,0.57501171875
964,19.26,922479,9577593,0.5805590820312501
965,19.28,916004,9527300,0.556001953125
966,19.3,9148D3,9521363,0.55310302734375
967,19.32,913F9F,9519007,0.5519526367187501
968,19.34,9128DC,9513180,0.5491074218750001
969,19.36,914D97,9522583,0.5536987304687501
970,19.38,9146F9,9520889,0.55287158203125
971,19.4,916CD7,9530583,0.5576049804687501
972,19.42,91601E,9527326,0.5560146484375
973,19.44,919779,9541497,0.5629340820312501
974,19.46,9197A6,9541542,0.5629560546875
975,19.48,919EC6,9543366,0.5638466796875
976,19.5,9157A6,9525158,0.5549560546875
977,19.52,91B271,9548401,0.5663051757812501
978,19.54,91C165,9552229,0.56817431640625
979,19.56,920FE5,9572325,0.57798681640625
980,19.58,9182F8,9536248,0.56037109375
981,19.6,917F0A,9535242,0.5598798828125
982,19.62,919171,9539953,0.56218017578125
983,19.64,916453,9528403,0.55654052734375
984,19.66,911019,9506841,0.54601220703125
985,19.68,9108FA,9505018,0.5451220703125
986,19.7,910443,9503811,0.54453271484375
987,19.72,911462,9507938,0.5465478515625
988,19.74,914A38,9521720,0.55327734375
989,19.76,913C47,9518151,0.5515346679687501
990,19.78,90F673,9500275,0.54280615234375
991,19.8,91093B,9505083,0.5451538085937501
992,19.82,90F3A2,9499554,0.5424541015625
993,19.84,9110C2,9507010,0.5460947265625
994,19.86,911D00,9510144,0.547625
995,19.88,912CF7,9514231,0.54962060546875
996,19.9,9150E2,9523426,0.5541103515625
997,19.92,9161DD,9527773,0.55623291015625
998,19.94,9171E9,9531881,0.55823876953125
999,19.96,912350,9511760,0.5484140625
1000,19.98,912847,9513031,0.54903466796875
