Time_s,Differential_capacitance_pF,Differential_pressure_Pa
0.0,0.67234130859375,26.650795541158534
0.02,0.6741630859375,26.739662728658534
0.04,0.68052783203125,27.05013814786585
0.06,0.68371875,27.20579268292683
0.08,0.6805849609375,27.052924923780484
0.1,0.67328857421875,26.697003620426827
0.12,0.71474560546875,28.7192978277439
0.14,0.70248095703125,28.121022294207318
0.16,0.709685546875,28.47246570121951
0.18,0.69880615234375,27.941763528963413
0.2,0.6993251953125,27.96708269817073
0.22,0.70072900390625,28.035561166158537
0.24,0.725384765625,29.238281249999996
0.26,0.66790576171875,26.434427400914636
0.28,0.664455078125,26.26610137195122
0.3,0.6678769531250001,26.433022103658537
0.32,0.6673037109375,26.405059070121947
0.34,0.66295361328125,26.19285918445122
0.36,0.66737353515625,26.40846512957317
0.38,0.66609033203125,26.345869855182926
0.4,0.66833984375,26.45560213414634
0.42,0.6790009765625,26.975657393292682
0.44,0.70611181640625,28.298137385670728
0.46,0.6982607421875,27.915158155487806
0.48,0.6855908203125,27.297113185975608
0.5,0.69424658203125,27.719345464939025
0.52,0.6745146484375,26.756812118902438
0.54,0.675423828125,26.801162347560975
0.56,0.6830278320312501,27.17208936737805
0.58,0.6744545898437501,26.75388243140244
0.6,0.66678076171875,26.379549352134145
0.62,0.67200244140625,26.63426543445122
0.64,0.6773090820312501,26.893125952743905
0.66,0.6774990234375,26.90239138719512
0.68,0.677974609375,26.92559070121951
0.7000000000000001,0.67422314453125,26.742592416158534
0.72,0.689814453125,27.50314405487805
0.74,0.69206689453125,27.61301924542683
0.76,0.73276953125,29.598513719512194
0.78,0.717283203125,28.843083079268293
0.8,0.69738330078125,27.87235613567073
0.8200000000000001,0.70705908203125,28.344345464939025
0.84,0.70525,28.25609756097561
0.86,0.69912890625,27.95750762195122
0.88,0.7065712890625,28.320550685975608
0.9,0.7084277343750001,28.41110899390244
0.92,0.68362646484375,27.201290967987802
0.9400000000000001,0.68415234375,27.226943597560975
0.96,0.6805947265625,27.053401295731703
0.98,0.67310498046875,26.6880478277439
1.0,0.6733232421875001,26.69869474085366
1.02,0.68035986328125,27.041944550304876
1.04,0.690150390625,27.51953125
1.06,0.71276513671875,28.622689596036583
1.08,0.70712548828125,28.347584794207314
1.1,0.745138671875,30.20188643292683
1.12,0.72541943359375,29.23997237042683
1.1400000000000001,0.6920478515625,27.61209032012195
1.16,0.6903847656250001,27.53096417682927
1.18,0.66796240234375,26.437190358231707
1.2,0.67695751953125,26.8759765625
1.22,0.6788837890625,26.96994092987805
1.24,0.6925419921875,27.636194740853657
1.26,0.68472607421875,27.25493044969512
1.28,0.67090283203125,26.5806259527439
1.3,0.66161962890625,26.127786775914636
1.32,0.66325146484375,26.207388528963413
1.34,0.66381201171875,26.234732278963417
1.36,0.65962060546875,26.0302734375
1.3800000000000001,0.65453564453125,25.7822265625
1.4000000000000001,0.66144873046875,26.11945026676829
1.42,0.6640625,26.246951219512194
1.44,0.6618603515625,26.139529344512194
1.46,0.66009912109375,26.053615663109756
1.48,0.6510849609375,25.613900533536587
1.5,0.64351953125,25.24485518292683
1.52,0.6401640625,25.081173780487806
1.54,0.63608349609375,24.88212176067073
1.56,0.63459130859375,24.80933212652439
1.58,0.6347177734375,24.815501143292682
1.6,0.63783203125,24.967416158536583
1.62,0.635142578125,24.836223323170728
1.6400000000000001,0.63477490234375,24.818287919207314
1.6600000000000001,0.63712890625,24.933117378048777
1.68,0.63818408203125,24.984589367378046
1.7,0.6380634765625001,24.97870617378049
1.72,0.63895361328125,25.022127477134145
1.74,0.6381396484375,24.982421875
1.76,0.6370590820312501,24.929711318597562
1.78,0.6364287109375,24.89896150914634
1.8,0.63686279296875,24.92013624237805
1.82,0.63800634765625,24.97591939786585
1.84,0.63767041015625,24.959532202743905
1.86,0.63838037109375,24.994164443597562
1.8800000000000001,0.63813330078125,24.982112233231703
1.9000000000000001,0.5812880859375,22.209174923780488
1.92,0.51075244140625,18.768411775914632
1.94,0.5198994140625001,19.214605564024392
1.96,0.5113291015625,18.796541539634145
1.98,0.5029169921875,18.386194740853657
2.0,0.500271484375,18.257145579268293
2.02,0.49928027343750003,18.208793826219512
2.04,0.49938134765625003,18.213724275914636
2.06,0.49990087890625,18.239067263719512
2.08,0.50362060546875,18.42051733993902
2.1,0.504900390625,18.482945884146343
2.12,0.507619140625,18.615567835365855
2.14,0.5065419921875,18.56302400914634
2.16,0.5139365234375,18.923732850609753
2.18,0.51457958984375,18.95510194359756
2.2,0.51277685546875,18.867163681402435
2.22,0.5194365234375,19.192025533536587
2.24,0.5209609375,19.266387195121954
2.2600000000000002,0.5351640625,19.95922256097561
2.2800000000000002,0.530091796875,19.71179496951219
2.3000000000000003,0.51490576171875,18.971012766768293
2.32,0.51123095703125,18.79175400152439
2.34,0.5102802734375,18.745379192073173
2.36,0.51851171875,19.1469131097561
2.38,0.51769091796875,19.106874047256095
2.4,0.51980419921875,19.2099609375
2.42,0.518216796875,19.13252667682927
2.44,0.5199370117187501,19.216439596036587
2.46,0.51989306640625,19.214295922256095
2.48,0.52005126953125,19.222013147865855
2.5,0.520884765625,19.262671493902438
2.52,0.51985791015625,19.21258098323171
2.54,0.5285517578125,19.636671112804876
2.56,0.53006298828125,19.710389672256095
2.58,0.52420166015625,19.42447122713415
2.6,0.52592529296875,19.50855087652439
2.62,0.51894873046875,19.16823075457317
2.64,0.51502978515625,18.977062690548777
2.66,0.5875517578125,22.514719893292682
2.68,0.55975634765625,21.15884622713415
2.7,0.5532392578125,20.840939405487806
2.72,0.5447924804687501,20.42890148628049
2.74,0.54346484375,20.364138719512194
2.7600000000000002,0.5406137695312501,20.22506192835366
2.7800000000000002,0.53998291015625,20.194288300304876
2.8000000000000003,0.5382119140625,20.10789824695122
2.82,0.535240234375,19.96293826219512
2.84,0.53304736328125,19.85596894054878
2.86,0.5328798828125,19.847799161585364
2.88,0.5305888671875,19.736042301829265
2.9,0.5286025390625,19.63914824695122
2.92,0.52674609375,19.548589939024392
2.94,0.52458203125,19.44302591463415
2.96,0.52808935546875,19.614114900914636
2.98,0.52670166015625,19.54642244664634
3.0,0.52500634765625,19.463724275914632
3.02,0.52478173828125,19.452767721036583
3.04,0.52478173828125,19.452767721036583
3.06,0.52570654296875,19.49788014481707
3.08,0.52708154296875,19.564953315548777
3.1,0.5265810546875,19.54053925304878
3.12,0.52417333984375,19.42308974847561
3.14,0.5228583984375,19.358946265243905
3.16,0.5236630859375,19.39819931402439
3.18,0.52637841796875,19.53065453506097
3.2,0.5258271484375,19.503763338414632
3.22,0.524515625,19.439786585365855
3.24,0.52380908203125,19.40532107469512
3.2600000000000002,0.52411962890625,19.4204697027439
3.2800000000000002,0.5227666015625,19.354468368902438
3.3000000000000003,0.52214892578125,19.324337842987806
3.3200000000000003,0.52110302734375,19.273318407012194
3.34,0.52443603515625,19.435904153963417
3.36,0.5239418945312501,19.41179973323171
3.38,0.5245849609375,19.44316882621951
3.4,0.525259765625,19.476086128048777
3.42,0.52479736328125,19.453529916158537
3.44,0.52242138671875,19.33762862042683
3.46,0.5200546875000001,19.22217987804878
3.48,0.5204345703125,19.240710746951216
3.5,0.522341796875,19.333746189024392
3.52,0.52089404296875,19.263124047256095
3.54,0.519943359375,19.21674923780488
3.56,0.5211064453125,19.273485137195124
3.58,0.519484375,19.19435975609756
3.6,0.52125830078125,19.280892721036587
3.62,0.52160693359375,19.29789919969512
3.64,0.51949072265625,19.19466939786585
3.66,0.522921875,19.362042682926827
3.68,0.5230166015625,19.366663490853657
3.7,0.52516796875,19.471608231707318
3.72,0.523197265625,19.37547637195122
3.74,0.5240498046875001,19.417063643292686
3.7600000000000002,0.52338427734375,19.384598894817074
3.7800000000000002,0.523650390625,19.397580030487802
3.8000000000000003,0.52563720703125,19.494497903963417
3.8200000000000003,0.5240244140625,19.415825076219512
3.84,0.52341943359375,19.386313833841463
3.86,0.51908154296875,19.174709413109753
3.88,0.517646484375,19.10470655487805
3.9,0.5058671875,18.530106707317074
3.92,0.50468212890625,18.472298971036583
3.94,0.50439990234375,18.45853182164634
3.96,0.5039404296875,18.43611852134146
3.98,0.502537109375,18.367663871951216
4.0,0.501875,18.335365853658534
4.0200000000000005,0.50067724609375,18.276938833841463
4.04,0.50233740234375,18.35792206554878
4.0600000000000005,0.50159619140625,18.32176543445122
4.08,0.50118408203125,18.301662538109753
4.1,0.50053173828125,18.26984089176829
4.12,0.5012001953125,18.30244855182927
4.14,0.50195751953125,18.339391196646343
4.16,0.50171337890625,18.32748189786585
4.18,0.5014755859375,18.315882240853657
4.2,0.500984375,18.291920731707318
4.22,0.50085791015625,18.285751714939025
4.24,0.50062353515625,18.274318788109756
4.26,0.50093408203125,18.289467416158537
4.28,0.5011396484375,18.299495045731707
4.3,0.5017607421875,18.32979230182927
4.32,0.50434619140625,18.455911775914636
4.34,0.50690625,18.580792682926827
4.36,0.5119150390625,18.825123856707318
4.38,0.51423095703125,18.938095464939025
4.4,0.518150390625,19.129287347560975
4.42,0.5195126953125,19.195741234756095
4.44,0.51763720703125,19.104254001524392
4.46,0.5181787109375,19.130668826219512
4.48,0.5216040039062501,19.29775628810976
4.5,0.519240234375,19.18245045731707
4.5200000000000005,0.51802978515625,19.123404153963413
4.54,0.518166015625,19.130049542682926
4.5600000000000005,0.51660400390625,19.053853849085368
4.58,0.51901513671875,19.171470083841463
4.6000000000000005,0.52225341796875,19.329435022865855
4.62,0.52899560546875,19.658322217987806
4.64,0.53615234375,20.00743140243902
4.66,0.5347080078125,19.93697599085366
4.68,0.535953125,19.99771341463415
4.7,0.5415576171875001,20.27110327743903
4.72,0.5424130859375,20.312833460365855
4.74,0.541193359375,20.253334603658537
4.76,0.54130126953125,20.258598513719512
4.78,0.54053125,20.221036585365855
4.8,0.54019873046875,20.204816120426827
4.82,0.5395869140625,20.17497141768293
4.84,0.54088916015625,20.238495617378046
4.86,0.5493798828125,20.652677210365855
4.88,0.56480322265625,21.405035251524392
4.9,0.5633330078125001,21.333317454268293
4.92,0.57702001953125,22.0009765625
4.94,0.5817094726562501,22.22973037347561
4.96,0.57945361328125,22.1196884527439
4.98,0.5772705078125,22.01319550304878
5.0,0.57882275390625,22.088914824695124
5.0200000000000005,0.5677465820312501,21.548613757621954
5.04,0.5717578125,21.744283536585368
5.0600000000000005,0.57152001953125,21.73268387957317
5.08,0.5565341796875,21.001667301829265
5.1000000000000005,0.55719970703125,21.034132050304876
5.12,0.5620185546875001,21.26919778963415
5.14,0.556169921875,20.98389862804878
5.16,0.55351171875,20.85423018292683
5.18,0.5513857421875,20.750524009146343
5.2,0.55122412109375,20.742640053353657
5.22,0.55040673828125,20.702767721036583
5.24,0.55165478515625,20.763648056402438
5.26,0.5527861328125,20.81883574695122
5.28,0.56013037109375,21.17709127286585
5.3,0.5590561523437501,21.12469035823171
5.32,0.559892578125,21.16549161585366
5.34,0.55719970703125,21.034132050304876
5.36,0.5564736328125001,20.99871379573171
5.38,0.55926513671875,21.134884717987806
5.4,0.5565341796875,21.001667301829265
5.42,0.5566796875,21.008765243902435
5.44,0.55222216796875,20.791325266768293
5.46,0.54670947265625,20.52241330030488
5.48,0.54914892578125,20.64141101371951
5.5,0.54792919921875,20.581912157012198
5.5200000000000005,0.54760595703125,20.56614424542683
5.54,0.547640625,20.567835365853657
5.5600000000000005,0.54785595703125,20.57833936737805
5.58,0.54631005859375,20.5029296875
5.6000000000000005,0.54664599609375,20.51931688262195
5.62,0.55196533203125,20.77879668445122
5.64,0.5527319335937501,20.816191882621954
5.66,0.549962890625,20.68111661585366
5.68,0.5501279296875,20.68916730182927
5.7,0.5511923828125,20.741091844512198
5.72,0.5514521484375,20.753763338414632
5.74,0.550064453125,20.68607088414634
5.76,0.550384765625,20.701695884146343
5.78,0.55089453125,20.7265625
5.8,0.55001708984375,20.683760480182926
5.82,0.549158203125,20.64186356707317
5.84,0.5502578125,20.69550304878049
5.86,0.54394970703125,20.387790586890244
5.88,0.5426093750000001,20.322408536585368
5.9,0.54420947265625,20.400462080792682
5.92,0.5470009765625,20.53663300304878
5.94,0.54703564453125,20.538324123475608
5.96,0.546357421875,20.505240091463413
5.98,0.5477421875,20.572789634146343
6.0,0.54795458984375,20.583150724085364
6.0200000000000005,0.54723193359375,20.54789919969512
6.04,0.54573046875,20.47465701219512
6.0600000000000005,0.54728271484375,20.550376333841463
6.08,0.54497607421875,20.437857278963417
6.1000000000000005,0.54421923828125,20.4009384527439
6.12,0.5472001953125,20.546350990853657
6.140000000000001,0.54633203125,20.50400152439024
6.16,0.54585400390625,20.48068311737805
6.18,0.54747265625,20.559641768292682
6.2,0.55128759765625,20.745736471036587
6.22,0.55146826171875,20.754549352134145
6.24,0.55165478515625,20.763648056402438
6.26,0.5512622070312501,20.744497903963417
6.28,0.547650390625,20.568311737804876
6.3,0.543708984375,20.376048018292686
6.32,0.545888671875,20.482374237804876
6.34,0.54789404296875,20.580197217987802
6.36,0.5565087890625,21.000428734756095
6.38,0.55227880859375,20.794088224085364
6.4,0.55047314453125,20.706007050304876
6.42,0.5505966796875,20.712033155487806
6.44,0.5536923828125,20.86304306402439
6.46,0.55316943359375,20.837533346036587
6.48,0.54121533203125,20.25440644054878
6.5,0.540857421875,20.236947408536583
6.5200000000000005,0.55302685546875,20.830578315548777
6.54,0.5542622070312501,20.89083936737805
6.5600000000000005,0.55111962890625,20.737542873475608
6.58,0.547197265625,20.546208079268293
6.6000000000000005,0.54367724609375,20.37449980945122
6.62,0.54250830078125,20.317478086890244
6.640000000000001,0.540404296875,20.21484375
6.66,0.53969482421875,20.180235327743905
6.68,0.53978662109375,20.184713224085364
6.7,0.5385478515625,20.124285442073166
6.72,0.5439941406250001,20.389958079268293
6.74,0.5429453125,20.338795731707314
6.76,0.5375625,20.076219512195124
6.78,0.54822705078125,20.59644150152439
6.8,0.54580322265625,20.478205983231707
6.82,0.5422578125,20.305259146341466
6.84,0.5421279296875,20.298923399390244
6.86,0.54171630859375,20.27884432164634
6.88,0.5430849609375,20.345607850609756
6.9,0.5433857421875,20.360280106707318
6.92,0.54219775390625,20.302329458841463
6.94,0.54065771484375,20.22720560213415
6.96,0.54266357421875,20.325052400914632
6.98,0.5465126953125,20.512814405487806
7.0,0.5436962890625,20.375428734756095
7.0200000000000005,0.54445654296875,20.412514291158537
7.04,0.49508544921875003,18.00416825457317
7.0600000000000005,0.47556884765625,17.052138910060975
7.08,0.4669287109375,16.630668826219512
7.1000000000000005,0.46712841796875,16.64041063262195
7.12,0.46807568359375,16.686618711890244
7.140000000000001,0.467033203125,16.635766006097562
7.16,0.46301904296875,16.43995331554878
7.18,0.464349609375,16.504858993902438
7.2,0.4574716796875,16.169350228658537
7.22,0.4579560546875,16.192978277439025
7.24,0.45836181640625,16.212771532012194
7.26,0.4567236328125,16.13286013719512
7.28,0.4566318359375,16.128382240853657
7.3,0.45704394531250003,16.148485137195124
7.32,0.4564638671875,16.120188643292682
7.34,0.45684423828125004,16.138743330792686
7.36,0.456064453125,16.100705030487802
7.38,0.456115234375,16.103182164634145
7.4,0.457265625,16.159298780487806
7.42,0.45715429687500003,16.153868140243905
7.44,0.45816552734375,16.203196455792682
7.46,0.45950244140625,16.268411775914632
7.48,0.4612861328125,16.35542111280488
7.5,0.462470703125,16.413205030487802
7.5200000000000005,0.463177734375,16.447694359756095
7.54,0.46403271484375,16.489400724085368
7.5600000000000005,0.464166015625,16.495903201219512
7.58,0.4658388671875,16.577505716463413
7.6000000000000005,0.46675439453125,16.622165586890244
7.62,0.46969482421875003,16.765601181402438
7.640000000000001,0.47551171875000003,17.049352134146343
7.66,0.48087255859375,17.310856516768293
7.68,0.48671142578125,17.595679306402438
7.7,0.49338720703125,17.921327172256095
7.72,0.49928027343750003,18.208793826219512
7.74,0.520564453125,19.247046493902438
7.76,0.5547314453125,20.913729039634145
7.78,0.553837890625,20.87014100609756
7.8,0.5557197265625,20.961937881097562
7.82,0.55853662109375,21.09934737042683
7.84,0.531767578125,19.793540396341463
7.86,0.5255673828125,19.491091844512198
7.88,0.527525390625,19.586604420731707
7.9,0.52857080078125,19.637600038109753
7.92,0.52908740234375,19.662800114329265
7.94,0.52619140625,19.521532012195124
7.96,0.52438525390625,19.433427019817074
7.98,0.52392919921875,19.411180449695124
8.0,0.5242177734375,19.425257240853657
8.02,0.52538671875,19.482278963414632
8.040000000000001,0.52959765625,19.687690548780488
8.06,0.53013916015625,19.714105373475608
8.08,0.52917919921875,19.66727801067073
8.1,0.52823486328125,19.621212842987806
8.120000000000001,0.5331962890625,19.86323361280488
8.14,0.5279912109375,19.609327362804876
8.16,0.53692236328125,20.044993330792682
8.18,0.5269169921875,19.55692644817073
8.2,0.5276298828125,19.591701600609756
8.22,0.52510498046875,19.46853563262195
8.24,0.5273291015625,19.577029344512194
8.26,0.52771240234375,19.595726943597562
8.28,0.525982421875,19.511337652439025
8.3,0.5244296875,19.43559451219512
8.32,0.5264765625,19.535442073170728
8.34,0.52443603515625,19.435904153963417
8.36,0.52467724609375,19.447670541158537
8.38,0.52613134765625,19.518602324695124
8.4,0.52449658203125,19.43885766006098
8.42,0.5229375,19.36280487804878
8.44,0.523767578125,19.403296493902438
8.46,0.52458837890625,19.443335556402438
8.48,0.5233525390625,19.383050685975608
8.5,0.523685546875,19.399294969512194
8.52,0.525310546875,19.47856326219512
8.540000000000001,0.53152392578125,19.781654916158534
8.56,0.5305385742187501,19.73358898628049
8.58,0.53037353515625,19.725538300304876
8.6,0.533671875,19.88643292682927
8.620000000000001,0.5309248046875,19.75242949695122
8.64,0.52622314453125,19.523080221036583
8.66,0.527255859375,19.573456554878046
8.68,0.52858642578125,19.638362233231707
8.700000000000001,0.527240234375,19.572694359756095
8.72,0.52808935546875,19.614114900914636
8.74,0.5295498046875,19.685356326219512
8.76,0.5317075195312501,19.790610708841466
8.78,0.53093115234375,19.752739138719512
8.8,0.5279560546875001,19.60761242378049
8.82,0.5267490234375,19.548732850609753
8.84,0.527046875,19.56326219512195
8.86,0.5269267578125,19.55740282012195
8.88,0.526736328125,19.548113567073173
8.9,0.5269423828125,19.558165015243905
8.92,0.5323095703125,19.81997903963415
8.94,0.530896484375,19.751048018292682
8.96,0.52844091796875,19.631264291158537
8.98,0.53446728515625,19.925233422256095
9.0,0.5331962890625,19.86323361280488
9.02,0.53569921875,19.98532774390244
9.040000000000001,0.53764794921875,20.080387766768293
9.06,0.544982421875,20.438166920731707
9.08,0.54254931640625,20.319478849085368
9.1,0.530896484375,19.751048018292682
9.120000000000001,0.5312197265625,19.76681592987805
9.14,0.53024365234375,19.71920255335366
9.16,0.528875,19.652439024390244
9.18,0.52963525390625,19.689524580792682
9.200000000000001,0.5292709960937501,19.671755907012198
9.22,0.53,19.70731707317073
9.24,0.53021826171875,19.717963986280484
9.26,0.53628564453125,20.013933879573173
9.28,0.5364599609375,20.022437118902438
9.3,0.53986865234375,20.18871474847561
9.32,0.53852880859375,20.12335651676829
9.34,0.53454931640625,19.929234946646343
9.36,0.53482177734375,19.942525724085368
9.38,0.53530029296875,19.965867949695124
9.4,0.53556640625,19.97884908536585
9.42,0.53767333984375,20.081626333841463
9.44,0.543138671875,20.348227896341463
9.46,0.54144677734375,20.265696455792682
9.48,0.5391020507812501,20.15131955030488
9.5,0.53709033203125,20.053186928353657
9.52,0.540990234375,20.243426067073173
9.540000000000001,0.53890576171875,20.141744474085368
9.56,0.53802490234375,20.098775724085364
9.58,0.5394824218750001,20.16987423780488
9.6,0.54287890625,20.335556402439025
9.620000000000001,0.54598388671875,20.487018864329265
9.64,0.55087548828125,20.72563357469512
9.66,0.55398974609375,20.87754858993902
9.68,0.55539013671875,20.945860327743905
9.700000000000001,0.54293603515625,20.338343178353657
9.72,0.54098095703125,20.242973513719512
9.74,0.5391435546875,20.15334413109756
9.76,0.53401416015625,19.903129763719512
9.78,0.53645654296875,20.022270388719512
9.8,0.5344638671875,19.925066692073173
9.82,0.5333203125,19.869283536585364
9.84,0.5305859375,19.735899390243905
9.86,0.538107421875,20.102801067073173
9.88,0.54860693359375,20.61497237042683
9.9,0.55807080078125,21.07662442835366
9.92,0.55729150390625,21.038609946646343
9.94,0.5509453125,20.72903963414634
9.96,0.5389404296875,20.143435594512194
9.98,0.543490234375,20.365377286585364
10.0,0.555279296875,20.94045350609756
10.02,0.5526591796875,20.812642911585364
10.040000000000001,0.5814370117187501,22.216439596036587
10.06,0.55012451171875,20.68900057164634
10.08,0.54311669921875,20.347156059451223
10.1,0.5472861328125,20.550543064024392
10.120000000000001,0.5449033203125,20.434308307926827
10.14,0.5359848632812501,19.99926162347561
10.16,0.542333984375,20.308974847560975
10.18,0.5609794921875,21.21851181402439
10.200000000000001,0.56838330078125,21.579673208841463
10.22,0.5314443359375,19.777772484756095
10.24,0.53171044921875,19.790753620426827
10.26,0.5414497070312501,20.26583936737805
10.28,0.537587890625,20.077458079268293
10.3,0.5249462890625,19.460794588414632
10.32,0.5175927734375,19.10208650914634
10.34,0.5198105468750001,19.210270579268293
10.36,0.51982958984375,19.211199504573173
10.38,0.5145478515625,18.9535537347561
10.4,0.5167626953125,19.061594893292682
10.42,0.51787158203125,19.11568692835366
10.44,0.519515625,19.195884146341463
10.46,0.51956982421875,19.19852801067073
10.48,0.5194365234375,19.192025533536587
10.5,0.51848291015625,19.1455078125
10.52,0.51789697265625,19.11692549542683
10.540000000000001,0.5194301757812501,19.191715891768293
10.56,0.52493994140625,19.46048494664634
10.58,0.52317236328125,19.37426162347561
10.6,0.52298193359375,19.364972370426827
10.620000000000001,0.5231689453125,19.374094893292682
10.64,0.5165537109375,19.051400533536587
10.66,0.520314453125,19.23485137195122
10.68,0.52165771484375,19.300376333841463
10.700000000000001,0.517513671875,19.09822789634146
10.72,0.51579931640625,19.014600800304876
10.74,0.51469384765625,18.96067549542683
10.76,0.52409716796875,19.4193740472561
10.78,0.520900390625,19.263433689024392
10.8,0.5230517578125,19.36837842987805
10.82,0.52434765625,19.431592987804876
10.84,0.52346044921875,19.388314596036587
10.86,0.52176220703125,19.30547351371951
10.88,0.52459130859375,19.443478467987806
10.9,0.5237167968750001,19.4008193597561
10.92,0.5258999023437501,19.507312309451223
10.94,0.51779541015625,19.111971227134145
10.96,0.5151152343750001,18.981230945121954
10.98,0.52276318359375,19.35430163871951
11.0,0.52233544921875,19.333436547256095
11.02,0.5261440429687501,19.51922160823171
11.040000000000001,0.5266572265625,19.544254954268293
11.06,0.532806640625,19.844226371951223
11.08,0.52281103515625,19.356635861280488
11.1,0.52502880859375,19.464819931402438
11.120000000000001,0.530291015625,19.721512957317074
11.14,0.5320688476562501,19.808236471036587
11.16,0.52767724609375,19.59401200457317
11.18,0.51636669921875,19.04227801067073
11.200000000000001,0.51476025390625,18.963914824695124
11.22,0.5158916015625,19.0191025152439
11.24,0.51870166015625,19.156178544207314
11.26,0.529587890625,19.68721417682927
11.28,0.5357978515625,19.990139100609756
11.3,0.56484765625,21.407202743902438
11.32,0.5291220703125,19.6644912347561
11.34,0.5131953125000001,18.887576219512198
11.36,0.5064404296875,18.55806974085366
11.38,0.51104052734375,18.78246474847561
11.4,0.5119086914062501,18.824814214939025
11.42,0.51361962890625,18.908274580792682
11.44,0.5136357421875,18.909060594512194
11.46,0.50698876953125,18.584818025914636
11.48,0.507517578125,18.61061356707317
11.5,0.5050400390625001,18.48975800304878
11.52,0.50809130859375,18.638600419207314
11.540000000000001,0.50975732421875,18.719869474085364
11.56,0.5200576171875,19.222322789634145
11.58,0.52240234375,19.336699695121954
11.6,0.5233779296875,19.384289253048777
11.620000000000001,0.52391357421875,19.410418254573166
11.64,0.5288876953125,19.65305830792683
11.66,0.5277568359375,19.597894435975608
11.68,0.5314541015625001,19.778248856707318
11.700000000000001,0.5348061523437501,19.941763528963417
11.72,0.5326865234375,19.83836699695122
11.74,0.5297841796875,19.69678925304878
11.76,0.53041796875,19.727705792682926
11.78,0.5327275390625,19.840367759146343
11.8,0.52855810546875,19.636980754573173
11.82,0.53011376953125,19.712866806402438
11.84,0.53095361328125,19.753834794207318
11.86,0.5331298828125,19.859994283536583
11.88,0.53251220703125,19.82986375762195
11.9,0.53316796875,19.861852134146343
11.92,0.5365234375,20.025533536585364
11.94,0.53985302734375,20.187952553353657
11.96,0.5436962890625,20.375428734756095
11.98,0.540353515625,20.212366615853657
12.0,0.539818359375,20.186261432926827
12.02,0.5448779296875,20.43306974085366
12.040000000000001,0.54480517578125,20.42952076981707
12.06,0.5412216796875,20.254716082317074
12.08,0.5504951171875,20.70707888719512
12.1,0.547650390625,20.568311737804876
12.120000000000001,0.5466015625,20.517149390243905
12.14,0.5520478515625,20.782822027439025
12.16,0.5495766601562501,20.66227610518293
12.18,0.54829345703125,20.599680830792682
12.200000000000001,0.54846435546875,20.608017339939025
12.22,0.5516357421875,20.76271913109756
12.24,0.5490126953125,20.634765624999996
12.26,0.55903076171875,21.123451791158534
12.280000000000001,0.54892724609375,20.630597370426827
12.3,0.5508564453125,20.724704649390244
12.32,0.55079345703125,20.72163205030488
12.34,0.55332763671875,20.84525057164634
12.36,0.56298779296875,21.316477705792682
12.38,0.55678759765625,21.014029153963413
12.4,0.55249755859375,20.804758955792686
12.42,0.5502353515625,20.694407393292682
12.44,0.55126513671875,20.74464081554878
12.46,0.54720361328125,20.546517721036583
12.48,0.54431396484375,20.405559260670735
12.5,0.546962890625,20.534775152439025
12.52,0.54721630859375,20.547137004573173
12.540000000000001,0.54965576171875,20.666134717987802
12.56,0.54715283203125,20.544040586890244
12.58,0.5443076171875,20.405249618902438
12.6,0.5455498046875,20.465844131097562
12.620000000000001,0.54215673828125,20.30032869664634
12.64,0.54291357421875,20.33724752286585
12.66,0.54050244140625,20.219631288109756
12.68,0.5427744140625,20.330459222560975
12.700000000000001,0.545099609375,20.443883384146343
12.72,0.54585400390625,20.48068311737805
12.74,0.546056640625,20.490567835365855
12.76,0.54721923828125,20.547279916158534
12.780000000000001,0.5460693359375001,20.49118711890244
12.8,0.5428535156250001,20.334317835365855
12.82,0.54496044921875,20.437095083841463
12.84,0.54381982421875,20.38145483993902
12.86,0.5440888671875,20.394578887195124
12.88,0.545837890625,20.479897103658534
12.9,0.5480810546875,20.589319740853657
12.92,0.5471308593750001,20.542968750000004
12.94,0.545134765625,20.445598323170728
12.96,0.5452548828125,20.45145769817073
12.98,0.5441650390625,20.398294588414636
13.0,0.5456572265625,20.471084222560975
13.02,0.544732421875,20.425971798780488
13.040000000000001,0.5448212890625,20.430306783536587
13.06,0.5459013671875,20.482993521341463
13.08,0.54380712890625,20.38083555640244
13.1,0.54234326171875,20.309427400914636
13.120000000000001,0.54086376953125,20.23725705030488
13.14,0.5415986328125,20.273104039634145
13.16,0.539533203125,20.172351371951216
13.18,0.53977099609375,20.183951028963413
13.200000000000001,0.5425048828125,20.317311356707314
13.22,0.5431640625,20.349466463414636
13.24,0.54301171875,20.342035060975608
13.26,0.54677587890625,20.52565262957317
13.280000000000001,0.5400908203125,20.19955221036585
13.3,0.54685498046875,20.52951124237805
13.32,0.5449921875,20.438643292682926
13.34,0.54623095703125,20.499071074695124
13.36,0.5495986328125,20.66334794207317
13.38,0.550115234375,20.688548018292682
13.4,0.5504384765625,20.70431592987805
13.42,0.5493671875,20.65205792682927
13.44,0.5541103515625,20.883431783536583
13.46,0.558533203125,21.0991806402439
13.48,0.56369140625,21.35080030487805
13.5,0.56026953125,21.18387957317073
13.52,0.5636279296875,21.34770388719512
13.540000000000001,0.5576650390625,21.056831173780484
13.56,0.55978466796875,21.160227705792686
13.58,0.55897998046875,21.120974657012194
13.6,0.55909716796875,21.126691120426827
13.620000000000001,0.557880859375,21.067358993902438
13.64,0.5614990234375,21.24385480182927
13.66,0.56327001953125,21.330244855182926
13.68,0.5717416992187501,21.743497522865855
13.700000000000001,0.5725024414062501,21.780606897865855
13.72,0.56385595703125,21.3588271722561
13.74,0.55797265625,21.071836890243905
13.76,0.5634697265625,21.339986661585368
13.780000000000001,0.5632001953125,21.326838795731707
13.8,0.55916064453125,21.129787538109756
13.82,0.57398193359375,21.85277724847561
13.84,0.5699833984375,21.65772675304878
13.86,0.5639765625000001,21.36471036585366
13.88,0.56106494140625,21.22268006859756
13.9,0.55687939453125,21.018507050304876
13.92,0.552361328125,20.798113567073173
13.94,0.55538720703125,20.945717416158537
13.96,0.55154736328125,20.75840796493902
13.98,0.555615234375,20.956840701219512
14.0,0.5525009765625,20.804925685975608
14.02,0.55939208984375,21.141077553353657
14.040000000000001,0.5605703125,21.198551829268293
14.06,0.564052734375,21.36842606707317
14.08,0.5440576171875,20.39305449695122
14.1,0.54747265625,20.559641768292682
14.120000000000001,0.54418115234375,20.399080602134145
14.14,0.5444912109375,20.414205411585364
14.16,0.5452392578125,20.45069550304878
14.18,0.5490537109375,20.63676638719512
14.200000000000001,0.55140478515625,20.75145293445122
14.22,0.5542812500000001,20.89176829268293
14.24,0.554810546875,20.91758765243902
14.26,0.5512275390625,20.742806783536583
14.280000000000001,0.5517119140625,20.76643483231707
14.3,0.55602099609375,20.976633955792682
14.32,0.55289990234375,20.824385480182926
14.34,0.5520478515625,20.782822027439025
14.36,0.55262109375,20.810785060975608
14.38,0.550609375,20.71265243902439
14.4,0.5522724609375,20.793778582317074
14.42,0.5515693359375,20.75947980182927
14.44,0.54953857421875,20.66041825457317
14.46,0.5473779296875,20.55502096036585
14.48,0.55230126953125,20.79518387957317
14.5,0.55298876953125,20.82872046493902
14.52,0.55239013671875,20.79951886432927
14.540000000000001,0.5557041015625,20.96117568597561
14.56,0.549662109375,20.6664443597561
14.58,0.5502670898437501,20.69595560213415
14.6,0.55262744140625,20.8110947027439
14.620000000000001,0.5479736328125,20.584079649390244
14.64,0.549728515625,20.669683689024392
14.66,0.5518134765625,20.771389100609756
14.68,0.55292529296875,20.8256240472561
14.700000000000001,0.5566923828125,21.009384527439025
14.72,0.55187060546875,20.77417587652439
14.74,0.552162109375,20.78839557926829
14.76,0.55472509765625,20.91341939786585
14.780000000000001,0.55127490234375,20.7451171875
14.8,0.5429609375,20.339557926829265
14.82,0.54195703125,20.290586890243905
14.84,0.541779296875,20.281916920731707
14.86,0.55432275390625,20.893792873475608
14.88,0.55564697265625,20.95838891006097
14.9,0.5581181640625,21.078934832317074
14.92,0.544111328125,20.395674542682922
14.94,0.5399990234375001,20.195074314024392
14.96,0.5378857421875,20.091987423780484
14.98,0.53751806640625,20.07405201981707
15.0,0.538208984375,20.10775533536585
15.02,0.5392890625,20.160442073170728
15.040000000000001,0.539783203125,20.18454649390244
15.06,0.5405693359375,20.222894435975608
15.08,0.5409462890625,20.241282393292682
15.1,0.54185546875,20.28563262195122
15.120000000000001,0.546123046875,20.493807164634145
15.14,0.54503955078125,20.44095369664634
15.16,0.5453183593750001,20.45455411585366
15.18,0.54436181640625,20.407893483231707
15.200000000000001,0.5411396484375001,20.25071455792683
15.22,0.5393745117187501,20.164610327743905
15.24,0.54068310546875,20.228444169207314
15.26,0.53650439453125,20.024604611280488
15.280000000000001,0.53897216796875,20.144983803353657
15.3,0.5354619140625,19.973751905487802
15.32,0.53963134765625,20.177138910060975
15.34,0.53850341796875,20.12211794969512
15.36,0.5374262695312501,20.06957412347561
15.38,0.53448291015625,19.92599561737805
15.4,0.53750244140625,20.073289824695124
15.42,0.5373154296875,20.06416730182927
15.44,0.53412158203125,19.90836985518293
15.46,0.53306982421875,19.857064596036587
15.48,0.53630126953125,20.01469607469512
15.5,0.54314794921875,20.34868044969512
15.52,0.549529296875,20.65996570121951
15.540000000000001,0.54706396484375,20.539705602134145
15.56,0.54626904296875,20.500928925304876
15.58,0.54590771484375,20.483303163109756
15.6,0.54829345703125,20.599680830792682
15.620000000000001,0.5485341796875,20.61142339939024
15.64,0.5436298828125,20.372189405487806
15.66,0.54255859375,20.319931402439025
15.68,0.54021435546875,20.205578315548777
15.700000000000001,0.5438862304687501,20.384694169207318
15.72,0.54682958984375,20.528272675304876
15.74,0.55022607421875,20.693954839939025
15.76,0.56339013671875,21.33610423018293
15.780000000000001,0.55974365234375,21.158226943597562
15.8,0.55921435546875,21.132407583841463
15.82,0.5486357421875,20.616377667682926
15.84,0.54843896484375,20.60677877286585
15.860000000000001,0.54799560546875,20.585151486280488
15.88,0.55065380859375,20.714819931402438
15.9,0.54829638671875,20.59982374237805
15.92,0.549646484375,20.665682164634145
15.94,0.54926318359375,20.64698456554878
15.96,0.549529296875,20.65996570121951
15.98,0.54953857421875,20.66041825457317
16.0,0.55059375,20.711890243902438
16.02,0.55244384765625,20.802138910060975
16.04,0.55339453125,20.848513719512198
16.06,0.5549946289062501,20.926567263719516
16.080000000000002,0.5493325195312501,20.65036680640244
16.1,0.55146484375,20.75438262195122
16.12,0.56340283203125,21.33672351371951
16.14,0.5664541015625,21.485565929878046
16.16,0.55943017578125,21.142935403963413
16.18,0.56590283203125,21.458674733231707
16.2,0.5596962890625,21.155916539634145
16.22,0.56203759765625,21.270126714939025
16.240000000000002,0.5600986328125,21.175543064024392
16.26,0.566029296875,21.46484375
16.28,0.568009765625,21.561451981707318
16.3,0.5693051757812501,21.624642721036587
16.32,0.5684375,21.58231707317073
16.34,0.56956201171875,21.637171303353657
16.36,0.56639697265625,21.482779153963413
16.38,0.5719541015625,21.75385861280488
16.4,0.5694638671875,21.6323837652439
16.42,0.5699931640625,21.658203125
16.44,0.565830078125,21.45512576219512
16.46,0.57165625,21.739329268292682
16.48,0.5678134765625,21.551876905487806
16.5,0.56588037109375,21.4575790777439
16.52,0.56211962890625,21.27412823932927
16.54,0.56475927734375,21.4028915777439
16.56,0.5669833984375,21.511385289634145
16.580000000000002,0.567439453125,21.533631859756095
16.6,0.56013671875,21.17740091463415
16.62,0.56328564453125,21.331007050304876
16.64,0.56722705078125,21.523270769817074
16.66,0.55824169921875,21.0849609375
16.68,0.565056640625,21.417397103658537
16.7,0.56472119140625,21.401033727134145
16.72,0.57224560546875,21.76807831554878
16.740000000000002,0.57448583984375,21.877358041158537
16.76,0.57661474609375,21.98120712652439
16.78,0.60859521484375,23.54122999237805
16.8,0.5876816406250001,22.521055640243905
16.82,0.5909892578125,22.68240282012195
16.84,0.584193359375,22.350895579268293
16.86,0.57785986328125,22.04194455030488
16.88,0.57628515625,21.96512957317073
16.9,0.5691406250000001,21.61661585365854
16.92,0.5585395507812501,21.099490282012198
16.94,0.55254541015625,20.807093178353657
16.96,0.556546875,21.00228658536585
16.98,0.56087451171875,21.21339081554878
17.0,0.55903369140625,21.123594702743905
17.02,0.56043115234375,21.191763528963413
17.04,0.55715185546875,21.0317978277439
17.06,0.55379345703125,20.867973513719512
17.080000000000002,0.5576015625,21.053734756097562
17.1,0.55318212890625,20.838152629573166
17.12,0.5526752929687501,20.81342892530488
17.14,0.5554697265625,20.949742759146343
17.16,0.555875,20.96951219512195
17.18,0.55517822265625,20.93552305640244
17.2,0.55517822265625,20.93552305640244
17.22,0.55994970703125,21.168278391768293
17.240000000000002,0.557376953125,21.042778201219512
17.26,0.55716162109375,21.03227419969512
17.28,0.55939501953125,21.141220464939025
17.3,0.55443017578125,20.89903296493902
17.32,0.55523828125,20.938452743902438
17.34,0.56956201171875,21.637171303353657
17.36,0.57155517578125,21.734398818597562
17.38,0.5769155273437501,21.995879382621954
17.400000000000002,0.5699106445312501,21.654177782012198
17.42,0.5654462890625,21.436404344512198
17.44,0.55519384765625,20.93628525152439
17.46,0.5571552734375,21.03196455792683
17.48,0.5524091796875,20.80044778963415
17.5,0.55117626953125,20.740305830792682
17.52,0.5461455078125,20.494902820121954
17.54,0.54296728515625,20.339867568597562
17.56,0.53898828125,20.14576981707317
17.580000000000002,0.543072265625,20.34498856707317
17.6,0.54162744140625,20.27450933689024
17.62,0.53722021484375,20.05952267530488
17.64,0.54110791015625,20.249166349085368
17.66,0.5369951171875,20.04854230182927
17.68,0.53862060546875,20.127834413109756
17.7,0.534787109375,19.940834603658534
17.72,0.5345302734375,19.928306021341463
17.740000000000002,0.53615869140625,20.007741044207318
17.76,0.53804736328125,20.09987137957317
17.78,0.53681787109375,20.039896150914632
17.8,0.53668505859375,20.03341749237805
17.82,0.53784765625,20.090129573170728
17.84,0.53701416015625,20.04947122713415
17.86,0.5363076171875,20.015005716463413
17.88,0.5391875,20.15548780487805
17.900000000000002,0.5387724609375,20.13524199695122
17.92,0.5390419921875,20.14838986280488
17.94,0.5380029296875,20.09770388719512
17.96,0.54218505859375,20.301710175304876
17.98,0.5405151367187501,20.220250571646343
18.0,0.54225146484375,20.30494950457317
18.02,0.53967578125,20.179306402439025
18.04,0.540546875,20.221798780487802
18.06,0.54631298828125,20.503072599085364
18.080000000000002,0.550609375,20.71265243902439
18.1,0.5470927734375,20.54111089939024
18.12,0.5529033203125,20.82455221036585
18.14,0.5523203125,20.79611280487805
18.16,0.56077978515625,21.208770007621954
18.18,0.5612485351562501,21.23163586128049
18.2,0.56478759765625,21.404273056402438
18.22,0.56370068359375,21.351252858231707
18.240000000000002,0.55597021484375,20.97415682164634
18.26,0.55184814453125,20.773080221036583
18.28,0.555197265625,20.936451981707318
18.3,0.55421484375,20.888528963414632
18.32,0.55637255859375,20.993783346036587
18.34,0.5563505859375,20.99271150914634
18.36,0.55770654296875,21.05885575457317
18.38,0.5548867187500001,20.921303353658537
18.400000000000002,0.5539931640625,20.87771532012195
18.42,0.5515156250000001,20.756859756097562
18.44,0.5550009765625,20.926876905487806
18.46,0.5559638671875,20.97384717987805
18.48,0.55511474609375,20.932426638719512
18.5,0.5555581054687501,20.95405392530488
18.52,0.5546962890625,20.912014100609756
18.54,0.554693359375,20.91187118902439
18.56,0.5552954101562501,20.941239519817074
18.580000000000002,0.5539423828125,20.875238185975608
18.6,0.55414208984375,20.88497999237805
18.62,0.55340380859375,20.848966272865855
18.64,0.5545063476562501,20.902748666158537
18.66,0.55491845703125,20.922851562499996
18.68,0.554876953125,20.920826981707314
18.7,0.56177099609375,21.25712176067073
18.72,0.56415087890625,21.37321360518293
18.740000000000002,0.5737983398437501,21.843821455792686
18.76,0.57194140625,21.753239329268293
18.78,0.5696289062500001,21.640434451219516
18.8,0.56472412109375,21.401176638719512
18.82,0.5581406250000001,21.08003048780488
18.84,0.5548959960937501,20.921755907012198
18.86,0.55850146484375,21.097632431402435
18.88,0.5619013671875001,21.263481326219512
18.900000000000002,0.55634423828125,20.99240186737805
18.92,0.5550927734375,20.931354801829265
18.94,0.554458984375,20.90043826219512
18.96,0.5531533203125,20.83674733231707
18.98,0.553654296875,20.861185213414632
19.0,0.5534545898437501,20.851443407012198
19.02,0.554474609375,20.901200457317074
19.04,0.5525517578125,20.80740282012195
19.06,0.5532646484375,20.842177972560975
19.080000000000002,0.5547060546875,20.912490472560975
19.1,0.557376953125,21.042778201219512
19.12,0.55762060546875,21.054663681402438
19.14,0.56754052734375,21.53856230945122
19.16,0.5714189453125,21.72775342987805
19.18,0.57718505859375,22.00902724847561
19.2,0.586826171875,22.47932545731707
19.22,0.59055517578125,22.661228086890244
19.240000000000002,0.57501171875,21.903010670731707
19.26,0.5805590820312501,22.173613757621954
19.28,0.556001953125,20.975705030487806
19.3,0.55310302734375,20.834294016768293
19.32,0.5519526367187501,20.778177400914636
19.34,0.5491074218750001,20.63938643292683
19.36,0.5536987304687501,20.863352705792686
19.38,0.55287158203125,20.82300400152439
19.400000000000002,0.5576049804687501,21.05390148628049
19.42,0.5560146484375,20.976324314024392
19.44,0.5629340820312501,21.31385766006098
19.46,0.5629560546875,21.31492949695122
19.48,0.5638466796875,21.358374618902438
19.5,0.5549560546875,20.924685594512194
19.52,0.5663051757812501,21.478301257621954
19.54,0.56817431640625,21.569478849085368
19.56,0.57798681640625,22.04813738567073
19.580000000000002,0.56037109375,21.188833841463417
19.6,0.5598798828125,21.164872332317074
19.62,0.56218017578125,21.27708174542683
19.64,0.55654052734375,21.001976943597562
19.66,0.54601220703125,20.488400342987802
19.68,0.5451220703125,20.44497903963415
19.7,0.54453271484375,20.416229992378046
19.72,0.5465478515625,20.51452934451219
19.740000000000002,0.55327734375,20.842797256097562
19.76,0.5515346679687501,20.75778868140244
19.78,0.54280615234375,20.332007431402435
19.8,0.5451538085937501,20.44652724847561
19.82,0.5424541015625,20.31483422256097
19.84,0.5460947265625,20.49242568597561
19.86,0.547625,20.567073170731707
19.88,0.54962060546875,20.664419778963413
19.900000000000002,0.5541103515625,20.883431783536583
19.92,0.55623291015625,20.986971227134145
19.94,0.55823876953125,21.084818025914632
19.96,0.5484140625,20.605564024390244
19.98,0.54903466796875,20.635837461890244
